"",drug,cell_line,prediction,OncotreeCode,IC50
0,5-Fluorouracil,NCIH1693,5.315468,LUAD,6.857719
1,ABT737,NCIH1693,2.645247,LUAD,3.165363
2,AGI-5198,NCIH1693,4.534109,LUAD,5.673127
3,AGI-6780,NCIH1693,4.430352,LUAD,6.959928
4,AGK2,NCIH1693,3.245362,LUAD,4.260822
5,AZ960,NCIH1693,2.404454,LUAD,4.534333
6,AZD3759,NCIH1693,2.466599,LUAD,2.065361
7,AZD4547,NCIH1693,3.539601,LUAD,4.947988
8,AZD5363,NCIH1693,3.747829,LUAD,5.251830
9,AZD5582,NCIH1693,3.193504,LUAD,2.438278
10,AZD6738,NCIH1693,2.280637,LUAD,4.003892
11,AZD7762,NCIH1693,0.388472,LUAD,0.956849
12,AZD8186,NCIH1693,3.573309,LUAD,3.768271
13,Afatinib,NCIH1693,2.084418,LUAD,0.519923
14,Afuresertib,NCIH1693,3.511797,LUAD,3.962806
15,Alpelisib,NCIH1693,4.520797,LUAD,6.358182
16,Avagacestat,NCIH1693,4.939908,LUAD,5.543193
17,Axitinib,NCIH1693,2.936645,LUAD,5.789535
18,BMS-345541,NCIH1693,4.136250,LUAD,4.339471
19,BMS-536924,NCIH1693,2.438519,LUAD,3.402959
20,BMS-754807,NCIH1693,3.641317,LUAD,4.132061
21,Bortezomib,NCIH1693,-4.694250,LUAD,-5.522091
22,Bosutinib,NCIH1693,3.184443,LUAD,3.640851
23,Buparlisib,NCIH1693,1.461198,LUAD,1.572614
24,CCT007093,NCIH1693,4.914562,LUAD,6.207679
25,CZC24832,NCIH1693,5.151891,LUAD,7.212281
26,Camptothecin,NCIH1693,-2.090794,LUAD,0.129242
27,Cediranib,NCIH1693,2.461145,LUAD,2.112438
28,Crizotinib,NCIH1693,3.731425,LUAD,4.594325
29,Cyclophosphamide,NCIH1693,5.256330,LUAD,5.787762
30,Dactinomycin,NCIH1693,-2.931145,LUAD,-1.708435
31,Dactolisib,NCIH1693,-1.777320,LUAD,-1.435943
32,Dasatinib,NCIH1693,0.205479,LUAD,0.409743
33,Dinaciclib,NCIH1693,-2.829208,LUAD,0.925479
34,Docetaxel,NCIH1693,-3.983772,LUAD,0.961586
35,Doramapimod,NCIH1693,5.137166,LUAD,7.046798
36,EHT-1864,NCIH1693,3.557900,LUAD,4.469059
37,EPZ004777,NCIH1693,5.772240,LUAD,6.674542
38,EPZ5676,NCIH1693,6.056368,LUAD,7.583473
39,Entinostat,NCIH1693,2.275121,LUAD,4.408071
40,Entospletinib,NCIH1693,3.967870,LUAD,6.864816
41,Epirubicin,NCIH1693,-0.205383,LUAD,0.526788
42,Erlotinib,NCIH1693,2.407442,LUAD,1.934091
43,Fulvestrant,NCIH1693,3.606142,LUAD,5.214008
44,GDC0810,NCIH1693,4.940675,LUAD,6.383271
45,GNE-317,NCIH1693,1.400093,LUAD,0.449021
46,GSK1904529A,NCIH1693,4.398095,LUAD,4.725383
47,GSK2578215A,NCIH1693,4.742647,LUAD,6.486628
48,GSK2606414,NCIH1693,4.006715,LUAD,6.344987
49,GSK343,NCIH1693,3.998903,LUAD,4.879343
50,GW441756,NCIH1693,3.237439,LUAD,3.228747
51,Gefitinib,NCIH1693,3.171070,LUAD,2.784091
52,Gemcitabine,NCIH1693,0.972897,LUAD,2.040636
53,I-BET-762,NCIH1693,4.243323,LUAD,6.685769
54,I-BRD9,NCIH1693,4.667679,LUAD,6.075482
55,IWP-2,NCIH1693,2.738826,LUAD,4.664358
56,Ibrutinib,NCIH1693,4.860503,LUAD,4.990543
57,Ipatasertib,NCIH1693,4.209407,LUAD,4.813252
58,Irinotecan,NCIH1693,3.873901,LUAD,4.409840
59,JNK Inhibitor VIII,NCIH1693,4.889219,LUAD,6.548024
60,JQ1,NCIH1693,3.358735,LUAD,4.445986
61,KRAS (G12C) Inhibitor-12,NCIH1693,5.128122,LUAD,6.679298
62,KU-55933,NCIH1693,5.150004,LUAD,5.356859
63,LCL161,NCIH1693,4.907600,LUAD,5.184737
64,LGK974,NCIH1693,3.693840,LUAD,5.104646
65,LY2109761,NCIH1693,5.120138,LUAD,6.068818
66,Lapatinib,NCIH1693,4.079173,LUAD,3.240619
67,Leflunomide,NCIH1693,5.119729,LUAD,5.191717
68,Lenalidomide,NCIH1693,5.541910,LUAD,7.379083
69,Lestaurtinib,NCIH1693,0.757084,LUAD,3.853646
70,Linsitinib,NCIH1693,4.756052,LUAD,4.701423
71,Luminespib,NCIH1693,-2.125825,LUAD,0.246349
72,MG-132,NCIH1693,-1.092991,LUAD,-1.702304
73,MIRA-1,NCIH1693,5.521284,LUAD,6.144568
74,MK-1775,NCIH1693,0.291945,LUAD,2.900920
75,MK-2206,NCIH1693,3.807620,LUAD,4.083150
76,ML323,NCIH1693,4.249123,LUAD,7.655454
77,MN-64,NCIH1693,4.732662,LUAD,4.203926
78,Mirin,NCIH1693,4.851086,LUAD,6.120620
79,Motesanib,NCIH1693,5.686411,LUAD,7.401014
80,NU7441,NCIH1693,3.247415,LUAD,4.364369
81,NVP-ADW742,NCIH1693,3.906594,LUAD,2.756329
82,Navitoclax,NCIH1693,2.025908,LUAD,5.297140
83,Nilotinib,NCIH1693,3.598668,LUAD,6.032194
84,Niraparib,NCIH1693,4.801487,LUAD,6.277330
85,Nutlin-3a (-),NCIH1693,5.351884,LUAD,7.361189
86,OF-1,NCIH1693,3.582855,LUAD,5.009908
87,OSI-027,NCIH1693,2.857870,LUAD,2.727089
88,OTX015,NCIH1693,2.789341,LUAD,5.107831
89,Olaparib,NCIH1693,4.655454,LUAD,6.590048
90,Osimertinib,NCIH1693,1.875491,LUAD,1.107273
91,Oxaliplatin,NCIH1693,5.455612,LUAD,7.470920
92,P22077,NCIH1693,4.516933,LUAD,5.228254
93,PCI-34051,NCIH1693,4.306468,LUAD,7.171354
94,PD173074,NCIH1693,4.749168,LUAD,5.010726
95,PFI-1,NCIH1693,4.271443,LUAD,5.801804
96,PFI3,NCIH1693,5.302192,LUAD,7.241347
97,PLX-4720,NCIH1693,4.001895,LUAD,7.642020
98,PRIMA-1MET,NCIH1693,5.531466,LUAD,3.077861
99,PRT062607,NCIH1693,4.252721,LUAD,5.534206
100,Paclitaxel,NCIH1693,-3.553030,LUAD,1.486637
101,Palbociclib,NCIH1693,4.680500,LUAD,4.266099
102,Pevonedistat,NCIH1693,0.782351,LUAD,2.556074
103,Picolinici-acid,NCIH1693,5.115434,LUAD,7.088135
104,Pictilisib,NCIH1693,1.705829,LUAD,2.072652
105,RO-3306,NCIH1693,3.651653,LUAD,7.401014
106,RVX-208,NCIH1693,4.638527,LUAD,7.052664
107,Ribociclib,NCIH1693,4.246140,LUAD,6.045611
108,Rucaparib,NCIH1693,4.324238,LUAD,4.906762
109,Ruxolitinib,NCIH1693,5.194693,LUAD,6.159668
110,SB216763,NCIH1693,5.099031,LUAD,4.763955
111,SB590885,NCIH1693,4.721418,LUAD,5.630407
112,SGC0946,NCIH1693,2.373322,LUAD,3.880318
113,SN-38,NCIH1693,-1.484329,LUAD,-1.016327
114,Sabutoclax,NCIH1693,-0.252357,LUAD,0.916430
115,Sapitinib,NCIH1693,4.181316,LUAD,2.768859
116,Savolitinib,NCIH1693,2.683739,LUAD,2.926237
117,Sepantronium bromide,NCIH1693,-5.233289,LUAD,-6.301236
118,Serdemetan,NCIH1693,4.233845,LUAD,3.798069
119,Sorafenib,NCIH1693,2.582799,LUAD,3.958801
120,Staurosporine,NCIH1693,-3.264182,LUAD,-3.516148
121,Talazoparib,NCIH1693,3.276583,LUAD,3.463113
122,Tamoxifen,NCIH1693,4.195764,LUAD,3.566877
123,Tanespimycin,NCIH1693,0.718964,LUAD,3.242712
124,Taselisib,NCIH1693,3.109352,LUAD,4.782896
125,Telomerase Inhibitor IX,NCIH1693,0.695786,LUAD,0.815398
126,Temozolomide,NCIH1693,6.731371,LUAD,8.509701
127,Temsirolimus,NCIH1693,1.829110,LUAD,1.050380
128,Ulixertinib,NCIH1693,2.854446,LUAD,3.733352
129,Uprosertib,NCIH1693,4.314946,LUAD,4.005835
130,VE-822,NCIH1693,3.729030,LUAD,6.313197
131,Veliparib,NCIH1693,5.463686,LUAD,6.152682
132,Venetoclax,NCIH1693,2.894546,LUAD,1.878673
133,Vismodegib,NCIH1693,4.938290,LUAD,5.873872
134,Vorinostat,NCIH1693,1.994380,LUAD,2.075798
135,WEHI-539,NCIH1693,3.815778,LUAD,4.832563
136,WIKI4,NCIH1693,3.540689,LUAD,2.828166
137,WZ4003,NCIH1693,4.967008,LUAD,7.219908
138,Wnt-C59,NCIH1693,3.995080,LUAD,7.121742
139,XAV939,NCIH1693,4.299876,LUAD,4.290264
140,YK-4-279,NCIH1693,1.983924,LUAD,5.100747
141,ZM447439,NCIH1693,2.860306,LUAD,2.697865
142,5-Fluorouracil,NCIH2405,5.414017,LUAD,9.433396
143,ABT737,NCIH2405,3.320925,LUAD,3.126509
144,AGI-5198,NCIH2405,5.419498,LUAD,4.901515
145,AGI-6780,NCIH2405,5.407310,LUAD,7.276499
146,AGK2,NCIH2405,3.898190,LUAD,6.327839
147,AZ960,NCIH2405,2.219315,LUAD,6.812832
148,AZD3759,NCIH2405,2.910810,LUAD,5.244619
149,AZD4547,NCIH2405,4.050189,LUAD,4.142774
150,AZD5363,NCIH2405,3.188082,LUAD,4.622601
151,AZD5582,NCIH2405,5.833818,LUAD,7.433930
152,AZD6738,NCIH2405,2.704298,LUAD,3.292003
153,AZD7762,NCIH2405,0.743573,LUAD,2.135547
154,AZD8186,NCIH2405,2.282236,LUAD,4.455987
155,Afatinib,NCIH2405,2.013328,LUAD,6.329593
156,Afuresertib,NCIH2405,2.925661,LUAD,6.439291
157,Alpelisib,NCIH2405,3.261192,LUAD,7.513560
158,Avagacestat,NCIH2405,5.712728,LUAD,7.589798
159,Axitinib,NCIH2405,4.746323,LUAD,5.047895
160,BMS-345541,NCIH2405,4.582224,LUAD,6.730199
161,BMS-536924,NCIH2405,1.998120,LUAD,3.007125
162,BMS-754807,NCIH2405,2.551619,LUAD,3.821245
163,Bortezomib,NCIH2405,-3.592026,LUAD,-2.560779
164,Bosutinib,NCIH2405,3.298731,LUAD,5.332077
165,Buparlisib,NCIH2405,1.543930,LUAD,2.341959
166,CCT007093,NCIH2405,5.982926,LUAD,7.396053
167,CZC24832,NCIH2405,5.841027,LUAD,6.326722
168,Camptothecin,NCIH2405,-1.336452,LUAD,-0.542920
169,Cediranib,NCIH2405,2.241418,LUAD,4.721990
170,Crizotinib,NCIH2405,3.216619,LUAD,6.436460
171,Cyclophosphamide,NCIH2405,6.125462,LUAD,5.740938
172,Dactinomycin,NCIH2405,-2.496674,LUAD,0.051145
173,Dactolisib,NCIH2405,-1.304453,LUAD,0.916726
174,Dasatinib,NCIH2405,-0.753279,LUAD,3.118085
175,Dinaciclib,NCIH2405,-1.096585,LUAD,1.329994
176,Docetaxel,NCIH2405,-0.621501,LUAD,2.786647
177,Doramapimod,NCIH2405,6.121098,LUAD,5.546708
178,EHT-1864,NCIH2405,4.452802,LUAD,5.678847
179,EPZ004777,NCIH2405,6.330990,LUAD,6.056351
180,EPZ5676,NCIH2405,6.825478,LUAD,8.252377
181,Entinostat,NCIH2405,4.379914,LUAD,4.471812
182,Entospletinib,NCIH2405,4.255666,LUAD,6.547133
183,Epirubicin,NCIH2405,-0.146527,LUAD,1.343594
184,Erlotinib,NCIH2405,2.658010,LUAD,3.459430
185,Fulvestrant,NCIH2405,4.707695,LUAD,6.108540
186,GDC0810,NCIH2405,5.854075,LUAD,5.758061
187,GNE-317,NCIH2405,1.136508,LUAD,1.682544
188,GSK1904529A,NCIH2405,5.132869,LUAD,5.888038
189,GSK2578215A,NCIH2405,6.014227,LUAD,5.502202
190,GSK2606414,NCIH2405,4.290358,LUAD,7.951224
191,GSK343,NCIH2405,4.780514,LUAD,6.088163
192,GW441756,NCIH2405,3.914373,LUAD,4.401575
193,Gefitinib,NCIH2405,2.976591,LUAD,4.788545
194,Gemcitabine,NCIH2405,0.503931,LUAD,1.618854
195,I-BET-762,NCIH2405,3.937269,LUAD,4.961254
196,I-BRD9,NCIH2405,5.407043,LUAD,4.858011
197,IWP-2,NCIH2405,3.508262,LUAD,5.459213
198,Ibrutinib,NCIH2405,5.552673,LUAD,7.864301
199,Ipatasertib,NCIH2405,3.565769,LUAD,4.523919
200,Irinotecan,NCIH2405,3.772018,LUAD,5.134360
201,JNK Inhibitor VIII,NCIH2405,5.959695,LUAD,7.803634
202,JQ1,NCIH2405,3.179431,LUAD,6.828460
203,KRAS (G12C) Inhibitor-12,NCIH2405,5.948095,LUAD,7.250753
204,KU-55933,NCIH2405,5.976669,LUAD,7.980877
205,LCL161,NCIH2405,5.804046,LUAD,7.404336
206,LGK974,NCIH2405,5.357780,LUAD,6.088470
207,LY2109761,NCIH2405,6.139962,LUAD,6.702612
208,Lapatinib,NCIH2405,4.346096,LUAD,7.868141
209,Leflunomide,NCIH2405,5.469224,LUAD,6.625522
210,Lenalidomide,NCIH2405,6.476670,LUAD,7.996927
211,Lestaurtinib,NCIH2405,1.390424,LUAD,3.951006
212,Linsitinib,NCIH2405,4.625242,LUAD,6.646444
213,Luminespib,NCIH2405,-1.592249,LUAD,-0.048783
214,MG-132,NCIH2405,-1.073098,LUAD,0.271207
215,MIRA-1,NCIH2405,6.040780,LUAD,8.279950
216,MK-1775,NCIH2405,1.906307,LUAD,4.021182
217,MK-2206,NCIH2405,3.379926,LUAD,6.372287
218,ML323,NCIH2405,5.789123,LUAD,7.459093
219,MN-64,NCIH2405,5.497910,LUAD,6.352016
220,Mirin,NCIH2405,5.892728,LUAD,9.803988
221,Motesanib,NCIH2405,6.497993,LUAD,8.037884
222,NU7441,NCIH2405,4.286255,LUAD,7.811640
223,NVP-ADW742,NCIH2405,3.412117,LUAD,7.717878
224,Navitoclax,NCIH2405,2.322647,LUAD,3.614818
225,Nilotinib,NCIH2405,4.993022,LUAD,4.754048
226,Niraparib,NCIH2405,5.110822,LUAD,7.261143
227,Nutlin-3a (-),NCIH2405,4.559917,LUAD,8.050381
228,OF-1,NCIH2405,4.878324,LUAD,4.986807
229,OSI-027,NCIH2405,2.992234,LUAD,3.153445
230,OTX015,NCIH2405,2.823934,LUAD,4.681885
231,Olaparib,NCIH2405,5.352064,LUAD,5.611667
232,Osimertinib,NCIH2405,1.861518,LUAD,3.332208
233,Oxaliplatin,NCIH2405,5.349016,LUAD,8.547128
234,P22077,NCIH2405,5.580173,LUAD,6.951236
235,PCI-34051,NCIH2405,5.787587,LUAD,7.399952
236,PD173074,NCIH2405,4.592966,LUAD,6.630476
237,PFI-1,NCIH2405,4.659544,LUAD,6.768528
238,PFI3,NCIH2405,6.309156,LUAD,8.049802
239,PLX-4720,NCIH2405,4.987148,LUAD,4.751116
240,PRIMA-1MET,NCIH2405,5.314632,LUAD,8.493841
241,PRT062607,NCIH2405,4.078440,LUAD,7.217607
242,Paclitaxel,NCIH2405,-0.475870,LUAD,2.298697
243,Palbociclib,NCIH2405,4.868096,LUAD,5.854554
244,Pevonedistat,NCIH2405,2.892663,LUAD,1.353160
245,Picolinici-acid,NCIH2405,5.901731,LUAD,7.572747
246,Pictilisib,NCIH2405,1.181270,LUAD,5.998257
247,RO-3306,NCIH2405,4.767910,LUAD,7.975343
248,RVX-208,NCIH2405,5.724973,LUAD,7.443504
249,Ribociclib,NCIH2405,4.680369,LUAD,6.619516
250,Rucaparib,NCIH2405,4.771255,LUAD,5.590324
251,Ruxolitinib,NCIH2405,5.791315,LUAD,7.429359
252,SB216763,NCIH2405,5.908463,LUAD,7.551157
253,SB590885,NCIH2405,5.432050,LUAD,4.173653
254,SGC0946,NCIH2405,2.538762,LUAD,4.869611
255,SN-38,NCIH2405,-1.273874,LUAD,-0.836324
256,Sabutoclax,NCIH2405,0.465538,LUAD,1.099884
257,Sapitinib,NCIH2405,3.794349,LUAD,4.771742
258,Savolitinib,NCIH2405,3.219776,LUAD,2.758310
259,Sepantronium bromide,NCIH2405,-3.428339,LUAD,-3.271602
260,Serdemetan,NCIH2405,4.978544,LUAD,6.532666
261,Sorafenib,NCIH2405,3.661885,LUAD,3.608637
262,Staurosporine,NCIH2405,-2.736688,LUAD,-0.831079
263,Talazoparib,NCIH2405,3.377679,LUAD,3.721624
264,Tamoxifen,NCIH2405,5.041883,LUAD,4.746084
265,Tanespimycin,NCIH2405,0.275948,LUAD,2.148406
266,Taselisib,NCIH2405,1.850257,LUAD,5.879573
267,Telomerase Inhibitor IX,NCIH2405,1.305353,LUAD,1.926262
268,Temozolomide,NCIH2405,7.537970,LUAD,8.534632
269,Temsirolimus,NCIH2405,1.528570,LUAD,1.579616
270,Ulixertinib,NCIH2405,2.438515,LUAD,1.273469
271,Uprosertib,NCIH2405,3.541149,LUAD,6.236644
272,VE-822,NCIH2405,5.054447,LUAD,6.266326
273,Veliparib,NCIH2405,6.370948,LUAD,7.712983
274,Venetoclax,NCIH2405,4.362275,LUAD,3.451503
275,Vismodegib,NCIH2405,6.042403,LUAD,6.795248
276,Vorinostat,NCIH2405,2.533349,LUAD,3.622238
277,WEHI-539,NCIH2405,4.537876,LUAD,4.689164
278,WIKI4,NCIH2405,4.125312,LUAD,3.385114
279,WZ4003,NCIH2405,4.771864,LUAD,7.833445
280,Wnt-C59,NCIH2405,5.423498,LUAD,6.858930
281,XAV939,NCIH2405,4.700473,LUAD,5.468445
282,YK-4-279,NCIH2405,3.863424,LUAD,6.542606
283,ZM447439,NCIH2405,4.198676,LUAD,7.420791
284,5-Fluorouracil,NCIH520,4.002060,LUSC,3.986304
285,ABT737,NCIH520,2.607723,LUSC,3.671065
286,AGI-5198,NCIH520,4.728956,LUSC,5.937872
287,AGI-6780,NCIH520,3.927985,LUSC,4.516538
288,AGK2,NCIH520,3.008678,LUSC,2.852337
289,AZ960,NCIH520,0.946478,LUSC,3.941451
290,AZD3759,NCIH520,2.084640,LUSC,3.943820
291,AZD4547,NCIH520,1.459227,LUSC,0.687679
292,AZD5363,NCIH520,2.154034,LUSC,2.130092
293,AZD5582,NCIH520,2.465519,LUSC,2.180378
294,AZD6738,NCIH520,1.852460,LUSC,2.301033
295,AZD7762,NCIH520,0.181899,LUSC,0.437358
296,AZD8186,NCIH520,3.301567,LUSC,2.132422
297,Afatinib,NCIH520,0.558141,LUSC,1.679674
298,Afuresertib,NCIH520,1.492573,LUSC,1.709040
299,Alpelisib,NCIH520,2.964211,LUSC,4.348622
300,Avagacestat,NCIH520,5.011944,LUSC,3.973150
301,Axitinib,NCIH520,1.832280,LUSC,1.618044
302,BMS-345541,NCIH520,2.734980,LUSC,4.164147
303,BMS-536924,NCIH520,1.755662,LUSC,4.409068
304,BMS-754807,NCIH520,-0.151275,LUSC,3.096366
305,Bortezomib,NCIH520,-4.312087,LUSC,-4.451725
306,Bosutinib,NCIH520,2.274050,LUSC,3.923518
307,Buparlisib,NCIH520,0.631116,LUSC,1.301806
308,CCT007093,NCIH520,4.873867,LUSC,4.882200
309,CZC24832,NCIH520,5.191052,LUSC,5.633807
310,Camptothecin,NCIH520,-2.644267,LUSC,-1.552725
311,Cediranib,NCIH520,1.205747,LUSC,1.108872
312,Crizotinib,NCIH520,1.094470,LUSC,2.716053
313,Cyclophosphamide,NCIH520,5.107188,LUSC,5.780819
314,Dactinomycin,NCIH520,-3.672381,LUSC,-3.464664
315,Dactolisib,NCIH520,-1.542127,LUSC,-3.039447
316,Dasatinib,NCIH520,2.371116,LUSC,1.543464
317,Dinaciclib,NCIH520,-3.376735,LUSC,-3.849556
318,Docetaxel,NCIH520,-4.925505,LUSC,-3.699383
319,Doramapimod,NCIH520,5.262317,LUSC,5.765573
320,EHT-1864,NCIH520,3.341337,LUSC,2.895175
321,EPZ004777,NCIH520,5.432568,LUSC,5.509649
322,EPZ5676,NCIH520,5.790554,LUSC,6.410583
323,Entinostat,NCIH520,2.014785,LUSC,1.711964
324,Entospletinib,NCIH520,3.833941,LUSC,4.990850
325,Epirubicin,NCIH520,-1.163533,LUSC,1.103437
326,Erlotinib,NCIH520,2.043454,LUSC,3.817643
327,Fulvestrant,NCIH520,3.336762,LUSC,3.825320
328,GDC0810,NCIH520,4.814910,LUSC,5.943910
329,GNE-317,NCIH520,0.392737,LUSC,0.240302
330,GSK1904529A,NCIH520,4.257127,LUSC,5.402117
331,GSK2578215A,NCIH520,4.984001,LUSC,5.935800
332,GSK2606414,NCIH520,3.535899,LUSC,5.409553
333,GSK343,NCIH520,3.922721,LUSC,4.227239
334,GW441756,NCIH520,3.144467,LUSC,3.303141
335,Gefitinib,NCIH520,2.887722,LUSC,3.986324
336,Gemcitabine,NCIH520,-0.981819,LUSC,-2.569679
337,I-BET-762,NCIH520,3.294802,LUSC,4.192663
338,I-BRD9,NCIH520,4.158125,LUSC,4.453633
339,IWP-2,NCIH520,2.482711,LUSC,3.110852
340,Ibrutinib,NCIH520,3.604832,LUSC,4.702896
341,Ipatasertib,NCIH520,2.388142,LUSC,2.359036
342,Irinotecan,NCIH520,2.574196,LUSC,3.401649
343,JNK Inhibitor VIII,NCIH520,4.981063,LUSC,5.904995
344,JQ1,NCIH520,1.832791,LUSC,1.690609
345,KRAS (G12C) Inhibitor-12,NCIH520,4.250561,LUSC,6.264186
346,KU-55933,NCIH520,5.011818,LUSC,5.222789
347,LCL161,NCIH520,4.997121,LUSC,5.720534
348,LGK974,NCIH520,3.843781,LUSC,5.191530
349,LY2109761,NCIH520,5.195887,LUSC,5.881846
350,Lapatinib,NCIH520,2.171919,LUSC,3.930767
351,Leflunomide,NCIH520,4.995787,LUSC,5.827483
352,Lenalidomide,NCIH520,5.205104,LUSC,5.961571
353,Lestaurtinib,NCIH520,-0.145347,LUSC,-0.334645
354,Linsitinib,NCIH520,3.237514,LUSC,5.944045
355,Luminespib,NCIH520,-2.161812,LUSC,-0.390560
356,MG-132,NCIH520,-1.112494,LUSC,-1.209432
357,MIRA-1,NCIH520,4.891049,LUSC,5.383067
358,MK-1775,NCIH520,0.075454,LUSC,0.509144
359,MK-2206,NCIH520,2.224472,LUSC,0.254438
360,ML323,NCIH520,4.137925,LUSC,4.923530
361,MN-64,NCIH520,4.908079,LUSC,6.075215
362,Mirin,NCIH520,4.287983,LUSC,5.063374
363,Motesanib,NCIH520,5.356814,LUSC,6.091888
364,NU7441,NCIH520,3.150046,LUSC,2.436167
365,NVP-ADW742,NCIH520,1.988695,LUSC,4.653983
366,Navitoclax,NCIH520,2.397378,LUSC,3.317124
367,Nilotinib,NCIH520,3.426213,LUSC,3.596986
368,Niraparib,NCIH520,3.975982,LUSC,4.244052
369,Nutlin-3a (-),NCIH520,4.322309,LUSC,6.072724
370,OF-1,NCIH520,3.689974,LUSC,4.700741
371,OSI-027,NCIH520,2.596347,LUSC,-0.625427
372,OTX015,NCIH520,2.477742,LUSC,2.749210
373,Olaparib,NCIH520,4.434570,LUSC,5.392165
374,Osimertinib,NCIH520,1.199052,LUSC,2.674330
375,Oxaliplatin,NCIH520,3.274503,LUSC,4.357886
376,P22077,NCIH520,4.444880,LUSC,6.128445
377,PCI-34051,NCIH520,4.277363,LUSC,5.899839
378,PD173074,NCIH520,2.869470,LUSC,1.044404
379,PFI-1,NCIH520,3.862658,LUSC,3.535059
380,PFI3,NCIH520,5.260539,LUSC,5.782835
381,PLX-4720,NCIH520,4.533327,LUSC,5.575114
382,PRIMA-1MET,NCIH520,4.525076,LUSC,7.110183
383,PRT062607,NCIH520,3.170127,LUSC,3.538692
384,Paclitaxel,NCIH520,-4.091948,LUSC,-2.458979
385,Palbociclib,NCIH520,2.576966,LUSC,0.903216
386,Pevonedistat,NCIH520,0.097572,LUSC,2.074292
387,Picolinici-acid,NCIH520,4.934717,LUSC,5.360388
388,Pictilisib,NCIH520,0.683376,LUSC,-0.583918
389,RO-3306,NCIH520,2.457621,LUSC,4.958359
390,RVX-208,NCIH520,4.665483,LUSC,5.156705
391,Ribociclib,NCIH520,3.700081,LUSC,1.238225
392,Rucaparib,NCIH520,4.015268,LUSC,4.457012
393,Ruxolitinib,NCIH520,4.947512,LUSC,5.728098
394,SB216763,NCIH520,4.988206,LUSC,5.709798
395,SB590885,NCIH520,4.723758,LUSC,2.907981
396,SGC0946,NCIH520,2.020946,LUSC,2.224589
397,SN-38,NCIH520,-2.235837,LUSC,3.840304
398,Sabutoclax,NCIH520,-0.918596,LUSC,-0.751957
399,Sapitinib,NCIH520,4.126673,LUSC,6.242546
400,Savolitinib,NCIH520,2.327022,LUSC,3.338639
401,Sepantronium bromide,NCIH520,-3.854168,LUSC,-2.873317
402,Serdemetan,NCIH520,4.005283,LUSC,3.727033
403,Sorafenib,NCIH520,2.068758,LUSC,3.342948
404,Staurosporine,NCIH520,-3.087299,LUSC,-1.641066
405,Talazoparib,NCIH520,2.944831,LUSC,2.629196
406,Tamoxifen,NCIH520,3.779506,LUSC,4.196726
407,Tanespimycin,NCIH520,0.482724,LUSC,0.300065
408,Taselisib,NCIH520,0.720080,LUSC,1.217803
409,Telomerase Inhibitor IX,NCIH520,0.272562,LUSC,0.706472
410,Temozolomide,NCIH520,6.411165,LUSC,6.938810
411,Temsirolimus,NCIH520,1.251817,LUSC,0.090770
412,Ulixertinib,NCIH520,2.800413,LUSC,2.266908
413,Uprosertib,NCIH520,1.789857,LUSC,1.675651
414,VE-822,NCIH520,4.017658,LUSC,5.116672
415,Veliparib,NCIH520,5.110152,LUSC,5.179884
416,Venetoclax,NCIH520,2.563066,LUSC,4.090479
417,Vismodegib,NCIH520,4.815799,LUSC,5.298878
418,Vorinostat,NCIH520,1.258704,LUSC,1.731736
419,WEHI-539,NCIH520,4.070506,LUSC,5.054534
420,WIKI4,NCIH520,3.838161,LUSC,4.807349
421,WZ4003,NCIH520,3.819435,LUSC,6.017216
422,Wnt-C59,NCIH520,4.133263,LUSC,4.102593
423,XAV939,NCIH520,4.448999,LUSC,5.679075
424,YK-4-279,NCIH520,1.210225,LUSC,1.437416
425,ZM447439,NCIH520,1.007472,LUSC,2.670804
426,5-Fluorouracil,NCIH1915,4.749664,LCLC,5.767897
427,ABT737,NCIH1915,2.941689,LCLC,3.402928
428,AGI-5198,NCIH1915,4.925014,LCLC,5.308605
429,AGI-6780,NCIH1915,4.042821,LCLC,4.672650
430,AGK2,NCIH1915,3.334169,LCLC,4.591554
431,AZ960,NCIH1915,1.944851,LCLC,1.744992
432,AZD3759,NCIH1915,2.800472,LCLC,3.834634
433,AZD4547,NCIH1915,2.728455,LCLC,3.476671
434,AZD5363,NCIH1915,3.447042,LCLC,4.658348
435,AZD5582,NCIH1915,2.923162,LCLC,1.904895
436,AZD6738,NCIH1915,2.185963,LCLC,3.710407
437,AZD7762,NCIH1915,0.440308,LCLC,1.058789
438,AZD8186,NCIH1915,3.455038,LCLC,5.301298
439,Afatinib,NCIH1915,1.641554,LCLC,1.492303
440,Afuresertib,NCIH1915,3.097069,LCLC,4.371885
441,Alpelisib,NCIH1915,4.204379,LCLC,5.093442
442,Avagacestat,NCIH1915,5.027421,LCLC,6.174675
443,Axitinib,NCIH1915,2.970712,LCLC,3.758792
444,BMS-345541,NCIH1915,3.107125,LCLC,3.513277
445,BMS-536924,NCIH1915,2.288535,LCLC,3.468023
446,BMS-754807,NCIH1915,2.980085,LCLC,2.438226
447,Bortezomib,NCIH1915,-4.580661,LCLC,-4.822522
448,Bosutinib,NCIH1915,2.959657,LCLC,3.078811
449,Buparlisib,NCIH1915,1.089404,LCLC,1.891458
450,CCT007093,NCIH1915,5.225760,LCLC,6.101141
451,CZC24832,NCIH1915,5.194199,LCLC,5.660600
452,Camptothecin,NCIH1915,-2.351990,LCLC,-1.754913
453,Cediranib,NCIH1915,2.382278,LCLC,3.539176
454,Crizotinib,NCIH1915,2.482388,LCLC,4.028446
455,Cyclophosphamide,NCIH1915,5.346500,LCLC,6.245490
456,Dactinomycin,NCIH1915,-3.361909,LCLC,-3.225844
457,Dactolisib,NCIH1915,-1.778243,LCLC,-0.918599
458,Dasatinib,NCIH1915,1.684128,LCLC,0.747207
459,Dinaciclib,NCIH1915,-2.571188,LCLC,-3.053572
460,Docetaxel,NCIH1915,-3.684611,LCLC,-3.587147
461,Doramapimod,NCIH1915,5.354273,LCLC,6.291457
462,EHT-1864,NCIH1915,3.798155,LCLC,5.287793
463,EPZ004777,NCIH1915,5.697041,LCLC,5.741024
464,EPZ5676,NCIH1915,6.247869,LCLC,6.216577
465,Entinostat,NCIH1915,1.473570,LCLC,1.452837
466,Entospletinib,NCIH1915,4.056250,LCLC,3.582161
467,Epirubicin,NCIH1915,-0.995774,LCLC,0.964084
468,Erlotinib,NCIH1915,2.864009,LCLC,4.306998
469,Fulvestrant,NCIH1915,3.728390,LCLC,4.739470
470,GDC0810,NCIH1915,4.905425,LCLC,5.846996
471,GNE-317,NCIH1915,1.021934,LCLC,1.304171
472,GSK1904529A,NCIH1915,4.349464,LCLC,6.392311
473,GSK2578215A,NCIH1915,5.168465,LCLC,4.819286
474,GSK2606414,NCIH1915,3.432056,LCLC,4.679801
475,GSK343,NCIH1915,3.624204,LCLC,4.303054
476,GW441756,NCIH1915,3.182792,LCLC,4.094541
477,Gefitinib,NCIH1915,3.509080,LCLC,3.985505
478,Gemcitabine,NCIH1915,-0.606458,LCLC,2.459280
479,I-BET-762,NCIH1915,3.372174,LCLC,3.065369
480,I-BRD9,NCIH1915,4.433850,LCLC,4.982419
481,IWP-2,NCIH1915,2.824379,LCLC,3.839045
482,Ibrutinib,NCIH1915,5.518606,LCLC,5.073679
483,Ipatasertib,NCIH1915,4.058175,LCLC,5.774872
484,Irinotecan,NCIH1915,2.664384,LCLC,2.876677
485,JNK Inhibitor VIII,NCIH1915,5.353612,LCLC,5.207410
486,JQ1,NCIH1915,2.450650,LCLC,2.619177
487,KRAS (G12C) Inhibitor-12,NCIH1915,4.624609,LCLC,4.686235
488,KU-55933,NCIH1915,5.309492,LCLC,4.507047
489,LCL161,NCIH1915,5.017525,LCLC,5.706225
490,LGK974,NCIH1915,4.263729,LCLC,5.923144
491,LY2109761,NCIH1915,5.526171,LCLC,6.440303
492,Lapatinib,NCIH1915,3.701741,LCLC,5.264732
493,Leflunomide,NCIH1915,5.099680,LCLC,4.723080
494,Lenalidomide,NCIH1915,5.472596,LCLC,6.067737
495,Lestaurtinib,NCIH1915,0.549350,LCLC,-0.069505
496,Linsitinib,NCIH1915,4.178818,LCLC,5.717893
497,Luminespib,NCIH1915,-2.192253,LCLC,-4.052004
498,MG-132,NCIH1915,-1.180859,LCLC,-1.598360
499,MIRA-1,NCIH1915,5.449583,LCLC,5.607643
500,MK-1775,NCIH1915,0.772235,LCLC,0.747868
501,MK-2206,NCIH1915,3.032743,LCLC,5.288236
502,ML323,NCIH1915,4.718493,LCLC,5.578134
503,MN-64,NCIH1915,5.085663,LCLC,6.524435
504,Mirin,NCIH1915,4.747973,LCLC,4.574233
505,Motesanib,NCIH1915,5.598349,LCLC,6.530560
506,NU7441,NCIH1915,3.347216,LCLC,3.499516
507,NVP-ADW742,NCIH1915,2.605389,LCLC,4.222621
508,Navitoclax,NCIH1915,2.768797,LCLC,2.998207
509,Nilotinib,NCIH1915,2.980864,LCLC,3.655551
510,Niraparib,NCIH1915,4.512722,LCLC,3.037355
511,Nutlin-3a (-),NCIH1915,5.325321,LCLC,6.076324
512,OF-1,NCIH1915,4.266515,LCLC,6.524580
513,OSI-027,NCIH1915,2.617012,LCLC,2.979497
514,OTX015,NCIH1915,2.209267,LCLC,1.709433
515,Olaparib,NCIH1915,4.530300,LCLC,4.612171
516,Osimertinib,NCIH1915,1.634087,LCLC,3.167425
517,Oxaliplatin,NCIH1915,4.802258,LCLC,5.197790
518,P22077,NCIH1915,4.754936,LCLC,5.087028
519,PCI-34051,NCIH1915,4.536993,LCLC,2.339804
520,PD173074,NCIH1915,3.842606,LCLC,4.150199
521,PFI-1,NCIH1915,3.931913,LCLC,5.284125
522,PFI3,NCIH1915,5.586181,LCLC,4.997218
523,PLX-4720,NCIH1915,4.319223,LCLC,4.289655
524,PRIMA-1MET,NCIH1915,4.664713,LCLC,6.319477
525,PRT062607,NCIH1915,2.857154,LCLC,2.774178
526,Paclitaxel,NCIH1915,-2.369802,LCLC,-1.539721
527,Palbociclib,NCIH1915,3.955694,LCLC,3.615367
528,Pevonedistat,NCIH1915,0.370453,LCLC,1.558422
529,Picolinici-acid,NCIH1915,5.048125,LCLC,5.897673
530,Pictilisib,NCIH1915,1.276151,LCLC,4.037631
531,RO-3306,NCIH1915,3.691881,LCLC,3.292245
532,RVX-208,NCIH1915,4.944228,LCLC,4.791149
533,Ribociclib,NCIH1915,4.007518,LCLC,3.080667
534,Rucaparib,NCIH1915,4.303642,LCLC,4.484353
535,Ruxolitinib,NCIH1915,5.304977,LCLC,5.115242
536,SB216763,NCIH1915,5.219529,LCLC,5.494150
537,SB590885,NCIH1915,4.112130,LCLC,5.261963
538,SGC0946,NCIH1915,2.354591,LCLC,2.771439
539,SN-38,NCIH1915,-3.035161,LCLC,-2.101016
540,Sabutoclax,NCIH1915,-0.230422,LCLC,1.135404
541,Sapitinib,NCIH1915,5.097958,LCLC,5.126575
542,Savolitinib,NCIH1915,2.429180,LCLC,2.533786
543,Sepantronium bromide,NCIH1915,-4.474931,LCLC,-4.176881
544,Serdemetan,NCIH1915,4.219470,LCLC,3.262859
545,Sorafenib,NCIH1915,2.522368,LCLC,3.427103
546,Staurosporine,NCIH1915,-2.647484,LCLC,-3.414060
547,Talazoparib,NCIH1915,3.576231,LCLC,4.021216
548,Tamoxifen,NCIH1915,3.688258,LCLC,4.051374
549,Tanespimycin,NCIH1915,0.534763,LCLC,-2.698512
550,Taselisib,NCIH1915,2.383009,LCLC,5.119366
551,Telomerase Inhibitor IX,NCIH1915,0.459771,LCLC,0.619268
552,Temozolomide,NCIH1915,6.984525,LCLC,7.971083
553,Temsirolimus,NCIH1915,1.492953,LCLC,-0.792555
554,Ulixertinib,NCIH1915,2.515735,LCLC,2.154140
555,Uprosertib,NCIH1915,3.526846,LCLC,4.863356
556,VE-822,NCIH1915,3.372096,LCLC,4.240435
557,Veliparib,NCIH1915,5.459617,LCLC,4.252023
558,Venetoclax,NCIH1915,2.894499,LCLC,3.964279
559,Vismodegib,NCIH1915,5.121511,LCLC,4.754834
560,Vorinostat,NCIH1915,1.662247,LCLC,1.354860
561,WEHI-539,NCIH1915,4.116746,LCLC,4.259118
562,WIKI4,NCIH1915,3.954738,LCLC,4.692452
563,WZ4003,NCIH1915,3.768746,LCLC,3.234761
564,Wnt-C59,NCIH1915,4.468297,LCLC,5.286609
565,XAV939,NCIH1915,4.613574,LCLC,5.174449
566,YK-4-279,NCIH1915,2.433874,LCLC,3.168582
567,ZM447439,NCIH1915,3.025546,LCLC,4.462163
568,5-Fluorouracil,NCIH146,5.219685,SCLC,3.657896
569,ABT737,NCIH146,-1.257739,SCLC,-2.237680
570,AGI-5198,NCIH146,4.708516,SCLC,3.624073
571,AGI-6780,NCIH146,4.328839,SCLC,3.974842
572,AGK2,NCIH146,3.279642,SCLC,3.014805
573,AZ960,NCIH146,1.342197,SCLC,2.230332
574,AZD3759,NCIH146,2.764330,SCLC,3.341725
575,AZD4547,NCIH146,2.240603,SCLC,3.663788
576,AZD5363,NCIH146,3.364752,SCLC,4.644727
577,AZD5582,NCIH146,1.954190,SCLC,2.012681
578,AZD6738,NCIH146,2.367590,SCLC,2.421189
579,AZD7762,NCIH146,0.784158,SCLC,0.550611
580,AZD8186,NCIH146,3.966459,SCLC,5.082524
581,Afatinib,NCIH146,2.004603,SCLC,1.078987
582,Afuresertib,NCIH146,2.278759,SCLC,3.442519
583,Alpelisib,NCIH146,3.532360,SCLC,3.622992
584,Avagacestat,NCIH146,4.889668,SCLC,3.572423
585,Axitinib,NCIH146,0.989240,SCLC,2.424052
586,BMS-345541,NCIH146,3.043646,SCLC,2.032840
587,BMS-536924,NCIH146,3.121661,SCLC,3.871981
588,BMS-754807,NCIH146,0.907840,SCLC,3.873944
589,Bortezomib,NCIH146,-4.861560,SCLC,-4.924829
590,Bosutinib,NCIH146,3.268789,SCLC,3.075422
591,Buparlisib,NCIH146,1.188169,SCLC,1.764563
592,CCT007093,NCIH146,4.983444,SCLC,4.947767
593,CZC24832,NCIH146,5.359446,SCLC,5.846322
594,Camptothecin,NCIH146,-1.887257,SCLC,-2.960427
595,Cediranib,NCIH146,2.228642,SCLC,1.825081
596,Crizotinib,NCIH146,1.492571,SCLC,3.107330
597,Cyclophosphamide,NCIH146,5.237190,SCLC,5.331158
598,Dactinomycin,NCIH146,-3.252186,SCLC,-4.176434
599,Dactolisib,NCIH146,-0.982075,SCLC,-2.148024
600,Dasatinib,NCIH146,3.428268,SCLC,3.237857
601,Dinaciclib,NCIH146,-3.034642,SCLC,-3.762970
602,Docetaxel,NCIH146,-4.427589,SCLC,-2.909871
603,Doramapimod,NCIH146,5.048835,SCLC,2.533555
604,EHT-1864,NCIH146,3.497413,SCLC,2.872611
605,EPZ004777,NCIH146,5.562561,SCLC,3.938753
606,EPZ5676,NCIH146,6.076275,SCLC,4.947133
607,Entinostat,NCIH146,0.212495,SCLC,-1.810497
608,Entospletinib,NCIH146,4.612506,SCLC,4.134874
609,Epirubicin,NCIH146,-0.163369,SCLC,-0.147009
610,Erlotinib,NCIH146,3.531309,SCLC,3.323680
611,Fulvestrant,NCIH146,3.450919,SCLC,2.554232
612,GDC0810,NCIH146,5.051532,SCLC,5.514699
613,GNE-317,NCIH146,1.335378,SCLC,0.692242
614,GSK1904529A,NCIH146,4.442516,SCLC,2.849510
615,GSK2578215A,NCIH146,4.984246,SCLC,5.608460
616,GSK2606414,NCIH146,3.945292,SCLC,3.525753
617,GSK343,NCIH146,3.777638,SCLC,3.226880
618,GW441756,NCIH146,3.384606,SCLC,4.267804
619,Gefitinib,NCIH146,3.643520,SCLC,3.800289
620,Gemcitabine,NCIH146,1.494739,SCLC,-2.358643
621,I-BET-762,NCIH146,3.530971,SCLC,2.517626
622,I-BRD9,NCIH146,4.388163,SCLC,3.658144
623,IWP-2,NCIH146,2.417689,SCLC,3.598757
624,Ibrutinib,NCIH146,4.823852,SCLC,4.064785
625,Ipatasertib,NCIH146,3.460126,SCLC,4.652238
626,Irinotecan,NCIH146,2.243379,SCLC,0.893964
627,JNK Inhibitor VIII,NCIH146,5.103373,SCLC,4.194727
628,JQ1,NCIH146,1.567663,SCLC,0.279394
629,KRAS (G12C) Inhibitor-12,NCIH146,5.221968,SCLC,4.500784
630,KU-55933,NCIH146,5.072317,SCLC,5.876820
631,LCL161,NCIH146,4.802313,SCLC,5.310848
632,LGK974,NCIH146,4.275567,SCLC,4.833762
633,LY2109761,NCIH146,5.237223,SCLC,4.909134
634,Lapatinib,NCIH146,4.419837,SCLC,2.548869
635,Leflunomide,NCIH146,5.094968,SCLC,5.265076
636,Lenalidomide,NCIH146,5.364882,SCLC,5.076853
637,Lestaurtinib,NCIH146,0.358204,SCLC,-0.025453
638,Linsitinib,NCIH146,3.816774,SCLC,4.177161
639,Luminespib,NCIH146,-1.797407,SCLC,-2.499019
640,MG-132,NCIH146,-1.060699,SCLC,-1.259203
641,MIRA-1,NCIH146,5.041335,SCLC,5.769150
642,MK-1775,NCIH146,0.545925,SCLC,0.211023
643,MK-2206,NCIH146,2.704662,SCLC,2.745366
644,ML323,NCIH146,4.682585,SCLC,4.213697
645,MN-64,NCIH146,4.877224,SCLC,5.211346
646,Mirin,NCIH146,4.668015,SCLC,3.664219
647,Motesanib,NCIH146,5.675508,SCLC,5.717909
648,NU7441,NCIH146,3.272872,SCLC,2.649539
649,NVP-ADW742,NCIH146,2.604570,SCLC,2.314921
650,Navitoclax,NCIH146,-1.395943,SCLC,-2.783891
651,Nilotinib,NCIH146,3.108300,SCLC,2.614132
652,Niraparib,NCIH146,3.943963,SCLC,3.532639
653,Nutlin-3a (-),NCIH146,5.553448,SCLC,4.408538
654,OF-1,NCIH146,3.918648,SCLC,4.031124
655,OSI-027,NCIH146,3.036140,SCLC,2.036428
656,OTX015,NCIH146,3.014359,SCLC,0.944283
657,Olaparib,NCIH146,3.829112,SCLC,3.061680
658,Osimertinib,NCIH146,1.730491,SCLC,1.603608
659,Oxaliplatin,NCIH146,4.178867,SCLC,2.400650
660,P22077,NCIH146,4.148526,SCLC,3.427862
661,PCI-34051,NCIH146,4.297061,SCLC,2.898774
662,PD173074,NCIH146,4.438923,SCLC,3.098564
663,PFI-1,NCIH146,3.915435,SCLC,4.122652
664,PFI3,NCIH146,5.301464,SCLC,5.527107
665,PLX-4720,NCIH146,4.409788,SCLC,3.483261
666,PRIMA-1MET,NCIH146,3.308132,SCLC,3.981674
667,PRT062607,NCIH146,3.325314,SCLC,1.885956
668,Paclitaxel,NCIH146,-3.533240,SCLC,-2.191330
669,Palbociclib,NCIH146,4.163453,SCLC,3.272229
670,Pevonedistat,NCIH146,1.200377,SCLC,-0.833203
671,Picolinici-acid,NCIH146,5.092867,SCLC,4.160279
672,Pictilisib,NCIH146,1.886429,SCLC,2.345776
673,RO-3306,NCIH146,2.726713,SCLC,1.836807
674,RVX-208,NCIH146,4.735783,SCLC,5.690839
675,Ribociclib,NCIH146,4.247362,SCLC,3.987825
676,Rucaparib,NCIH146,3.864245,SCLC,3.102860
677,Ruxolitinib,NCIH146,5.138519,SCLC,4.510341
678,SB216763,NCIH146,5.372359,SCLC,5.880987
679,SB590885,NCIH146,4.807024,SCLC,3.347828
680,SGC0946,NCIH146,2.320652,SCLC,2.014679
681,SN-38,NCIH146,-3.674478,SCLC,-2.756189
682,Sabutoclax,NCIH146,-0.329474,SCLC,0.432447
683,Sapitinib,NCIH146,5.407447,SCLC,5.138340
684,Savolitinib,NCIH146,2.448588,SCLC,2.864778
685,Sepantronium bromide,NCIH146,-5.100868,SCLC,-5.646632
686,Serdemetan,NCIH146,4.194303,SCLC,3.280936
687,Sorafenib,NCIH146,2.094852,SCLC,1.236680
688,Staurosporine,NCIH146,-2.108484,SCLC,-1.677532
689,Talazoparib,NCIH146,2.248534,SCLC,1.219778
690,Tamoxifen,NCIH146,3.680095,SCLC,4.364471
691,Tanespimycin,NCIH146,1.938132,SCLC,0.256920
692,Taselisib,NCIH146,2.770133,SCLC,3.432687
693,Telomerase Inhibitor IX,NCIH146,0.616101,SCLC,0.396130
694,Temozolomide,NCIH146,6.727227,SCLC,5.159104
695,Temsirolimus,NCIH146,1.772816,SCLC,0.329598
696,Ulixertinib,NCIH146,3.692834,SCLC,2.877064
697,Uprosertib,NCIH146,3.007430,SCLC,3.521902
698,VE-822,NCIH146,3.810629,SCLC,4.425436
699,Veliparib,NCIH146,5.527379,SCLC,5.392121
700,Venetoclax,NCIH146,0.403990,SCLC,-0.345648
701,Vismodegib,NCIH146,4.911705,SCLC,5.278959
702,Vorinostat,NCIH146,1.141921,SCLC,-0.000713
703,WEHI-539,NCIH146,2.364901,SCLC,-1.080451
704,WIKI4,NCIH146,3.979444,SCLC,3.251520
705,WZ4003,NCIH146,4.538113,SCLC,5.703216
706,Wnt-C59,NCIH146,4.194064,SCLC,4.749937
707,XAV939,NCIH146,4.554976,SCLC,4.010385
708,YK-4-279,NCIH146,1.595249,SCLC,2.558391
709,ZM447439,NCIH146,2.100119,SCLC,2.582555
710,5-Fluorouracil,NCIH1299,4.041646,LCLC,3.664405
711,ABT737,NCIH1299,2.660713,LCLC,5.057074
712,AGI-5198,NCIH1299,4.662436,LCLC,6.079127
713,AGI-6780,NCIH1299,3.782603,LCLC,3.916117
714,AGK2,NCIH1299,3.017582,LCLC,4.706475
715,AZ960,NCIH1299,1.538089,LCLC,1.407660
716,AZD3759,NCIH1299,2.441362,LCLC,3.715330
717,AZD4547,NCIH1299,2.566719,LCLC,4.525209
718,AZD5363,NCIH1299,3.012607,LCLC,4.785730
719,AZD5582,NCIH1299,2.325878,LCLC,0.904442
720,AZD6738,NCIH1299,1.833404,LCLC,3.545464
721,AZD7762,NCIH1299,0.045597,LCLC,0.370718
722,AZD8186,NCIH1299,3.791777,LCLC,3.883849
723,Afatinib,NCIH1299,1.641795,LCLC,2.018097
724,Afuresertib,NCIH1299,2.818730,LCLC,4.188932
725,Alpelisib,NCIH1299,3.853641,LCLC,3.376081
726,Avagacestat,NCIH1299,4.685395,LCLC,4.806916
727,Axitinib,NCIH1299,2.145473,LCLC,2.304867
728,BMS-345541,NCIH1299,2.698995,LCLC,2.372824
729,BMS-536924,NCIH1299,1.898099,LCLC,2.195746
730,BMS-754807,NCIH1299,2.517595,LCLC,2.675781
731,Bortezomib,NCIH1299,-4.738195,LCLC,-4.446316
732,Bosutinib,NCIH1299,2.506974,LCLC,3.646027
733,Buparlisib,NCIH1299,0.792743,LCLC,1.267783
734,CCT007093,NCIH1299,4.808185,LCLC,5.730331
735,CZC24832,NCIH1299,4.875962,LCLC,5.311388
736,Camptothecin,NCIH1299,-2.318626,LCLC,-1.935191
737,Cediranib,NCIH1299,1.976751,LCLC,4.480668
738,Crizotinib,NCIH1299,2.114253,LCLC,2.410131
739,Cyclophosphamide,NCIH1299,4.933799,LCLC,6.130030
740,Dactinomycin,NCIH1299,-3.909092,LCLC,-3.403993
741,Dactolisib,NCIH1299,-2.008180,LCLC,-1.738660
742,Dasatinib,NCIH1299,1.658916,LCLC,-0.376475
743,Dinaciclib,NCIH1299,-3.303973,LCLC,-2.920625
744,Docetaxel,NCIH1299,-4.671299,LCLC,-3.059773
745,Doramapimod,NCIH1299,4.842493,LCLC,6.129233
746,EHT-1864,NCIH1299,3.316633,LCLC,4.453499
747,EPZ004777,NCIH1299,5.083458,LCLC,5.444387
748,EPZ5676,NCIH1299,5.564197,LCLC,5.486898
749,Entinostat,NCIH1299,1.882938,LCLC,4.471658
750,Entospletinib,NCIH1299,3.698689,LCLC,3.659256
751,Epirubicin,NCIH1299,-1.368342,LCLC,-0.582449
752,Erlotinib,NCIH1299,2.537017,LCLC,4.720582
753,Fulvestrant,NCIH1299,3.163217,LCLC,3.999446
754,GDC0810,NCIH1299,4.698496,LCLC,5.951837
755,GNE-317,NCIH1299,1.084845,LCLC,0.893611
756,GSK1904529A,NCIH1299,3.995617,LCLC,4.520284
757,GSK2578215A,NCIH1299,4.803678,LCLC,6.133415
758,GSK2606414,NCIH1299,3.319625,LCLC,4.552003
759,GSK343,NCIH1299,3.425740,LCLC,3.873278
760,GW441756,NCIH1299,3.089485,LCLC,4.409559
761,Gefitinib,NCIH1299,3.450104,LCLC,3.457808
762,Gemcitabine,NCIH1299,-1.125517,LCLC,-0.045722
763,I-BET-762,NCIH1299,3.434738,LCLC,2.139464
764,I-BRD9,NCIH1299,4.043732,LCLC,3.938031
765,IWP-2,NCIH1299,2.498675,LCLC,2.632805
766,Ibrutinib,NCIH1299,4.373462,LCLC,6.135040
767,Ipatasertib,NCIH1299,3.838558,LCLC,5.138786
768,Irinotecan,NCIH1299,2.541892,LCLC,3.029664
769,JNK Inhibitor VIII,NCIH1299,4.830644,LCLC,5.186810
770,JQ1,NCIH1299,2.314115,LCLC,0.948800
771,KRAS (G12C) Inhibitor-12,NCIH1299,3.894332,LCLC,3.410693
772,KU-55933,NCIH1299,4.811723,LCLC,6.129259
773,LCL161,NCIH1299,4.676478,LCLC,4.589251
774,LGK974,NCIH1299,3.672541,LCLC,4.115643
775,LY2109761,NCIH1299,4.952341,LCLC,5.661692
776,Lapatinib,NCIH1299,3.230699,LCLC,5.618167
777,Leflunomide,NCIH1299,4.861223,LCLC,5.068115
778,Lenalidomide,NCIH1299,4.895396,LCLC,5.472552
779,Lestaurtinib,NCIH1299,-0.118223,LCLC,-0.423013
780,Linsitinib,NCIH1299,3.639874,LCLC,5.174545
781,Luminespib,NCIH1299,-2.305377,LCLC,-3.013247
782,MG-132,NCIH1299,-1.186125,LCLC,-1.606815
783,MIRA-1,NCIH1299,5.158520,LCLC,5.907918
784,MK-1775,NCIH1299,-0.088714,LCLC,0.209331
785,MK-2206,NCIH1299,3.043316,LCLC,3.827394
786,ML323,NCIH1299,4.189154,LCLC,4.001355
787,MN-64,NCIH1299,4.699257,LCLC,5.936162
788,Mirin,NCIH1299,4.230806,LCLC,4.991169
789,Motesanib,NCIH1299,5.295998,LCLC,6.131382
790,NU7441,NCIH1299,2.695618,LCLC,3.521643
791,NVP-ADW742,NCIH1299,2.385461,LCLC,4.314051
792,Navitoclax,NCIH1299,2.617058,LCLC,4.156930
793,Nilotinib,NCIH1299,2.751133,LCLC,4.998910
794,Niraparib,NCIH1299,4.336408,LCLC,4.856973
795,Nutlin-3a (-),NCIH1299,4.913937,LCLC,5.276151
796,OF-1,NCIH1299,3.929882,LCLC,4.058891
797,OSI-027,NCIH1299,2.651528,LCLC,1.478582
798,OTX015,NCIH1299,2.522883,LCLC,1.086611
799,Olaparib,NCIH1299,4.162019,LCLC,5.599367
800,Osimertinib,NCIH1299,1.486965,LCLC,3.832455
801,Oxaliplatin,NCIH1299,4.123384,LCLC,3.966250
802,P22077,NCIH1299,4.317993,LCLC,5.889721
803,PCI-34051,NCIH1299,4.245746,LCLC,4.242200
804,PD173074,NCIH1299,3.835172,LCLC,4.027859
805,PFI-1,NCIH1299,3.744705,LCLC,3.485345
806,PFI3,NCIH1299,5.167255,LCLC,5.409631
807,PLX-4720,NCIH1299,4.107652,LCLC,5.051263
808,PRIMA-1MET,NCIH1299,3.815822,LCLC,5.452650
809,PRT062607,NCIH1299,3.517816,LCLC,2.852697
810,Paclitaxel,NCIH1299,-3.796232,LCLC,-2.020618
811,Palbociclib,NCIH1299,3.746965,LCLC,2.902014
812,Pevonedistat,NCIH1299,-0.326529,LCLC,-0.415934
813,Picolinici-acid,NCIH1299,4.863284,LCLC,5.679665
814,Pictilisib,NCIH1299,1.140332,LCLC,1.643482
815,RO-3306,NCIH1299,2.650476,LCLC,3.031667
816,RVX-208,NCIH1299,4.625702,LCLC,4.138956
817,Ribociclib,NCIH1299,3.792421,LCLC,2.889385
818,Rucaparib,NCIH1299,3.919765,LCLC,4.765758
819,Ruxolitinib,NCIH1299,4.846342,LCLC,5.414423
820,SB216763,NCIH1299,4.746752,LCLC,4.409957
821,SB590885,NCIH1299,4.329424,LCLC,4.902881
822,SGC0946,NCIH1299,1.943025,LCLC,2.255224
823,SN-38,NCIH1299,-2.036767,LCLC,-3.304867
824,Sabutoclax,NCIH1299,-0.635417,LCLC,-0.848943
825,Sapitinib,NCIH1299,4.597169,LCLC,5.201251
826,Savolitinib,NCIH1299,2.270437,LCLC,3.800930
827,Sepantronium bromide,NCIH1299,-5.061994,LCLC,-4.534037
828,Serdemetan,NCIH1299,3.956094,LCLC,4.056652
829,Sorafenib,NCIH1299,2.114407,LCLC,3.083745
830,Staurosporine,NCIH1299,-2.948758,LCLC,-3.261003
831,Talazoparib,NCIH1299,3.332697,LCLC,4.094152
832,Tamoxifen,NCIH1299,3.476927,LCLC,5.287599
833,Tanespimycin,NCIH1299,0.390121,LCLC,-0.868724
834,Taselisib,NCIH1299,2.206059,LCLC,2.636516
835,Telomerase Inhibitor IX,NCIH1299,0.300697,LCLC,0.215811
836,Temozolomide,NCIH1299,6.370992,LCLC,6.496252
837,Temsirolimus,NCIH1299,1.750224,LCLC,1.541431
838,Ulixertinib,NCIH1299,2.230816,LCLC,2.394521
839,Uprosertib,NCIH1299,3.240060,LCLC,2.806265
840,VE-822,NCIH1299,2.975132,LCLC,4.159415
841,Veliparib,NCIH1299,5.054996,LCLC,5.697729
842,Venetoclax,NCIH1299,2.684970,LCLC,3.622796
843,Vismodegib,NCIH1299,4.725195,LCLC,4.837852
844,Vorinostat,NCIH1299,1.441855,LCLC,2.751120
845,WEHI-539,NCIH1299,3.785448,LCLC,5.482658
846,WIKI4,NCIH1299,3.573822,LCLC,5.125103
847,WZ4003,NCIH1299,3.802803,LCLC,3.195575
848,Wnt-C59,NCIH1299,3.994184,LCLC,4.327226
849,XAV939,NCIH1299,4.492036,LCLC,4.477803
850,YK-4-279,NCIH1299,1.327124,LCLC,2.955946
851,ZM447439,NCIH1299,2.164314,LCLC,3.718174
852,5-Fluorouracil,EKVX,5.596872,LUAD,7.035487
853,ABT737,EKVX,2.778137,LUAD,4.680390
854,AGI-5198,EKVX,5.038442,LUAD,5.190785
855,AGI-6780,EKVX,4.606277,LUAD,5.695669
856,AGK2,EKVX,3.509468,LUAD,4.447545
857,AZ960,EKVX,2.818357,LUAD,3.250550
858,AZD3759,EKVX,2.893030,LUAD,1.432416
859,AZD4547,EKVX,3.494788,LUAD,7.074616
860,AZD5363,EKVX,2.579952,LUAD,3.612228
861,AZD5582,EKVX,2.799162,LUAD,5.542313
862,AZD6738,EKVX,2.587308,LUAD,4.347309
863,AZD7762,EKVX,0.864815,LUAD,3.732259
864,AZD8186,EKVX,2.971960,LUAD,2.956266
865,Afatinib,EKVX,1.725488,LUAD,0.370903
866,Afuresertib,EKVX,1.958535,LUAD,3.431348
867,Alpelisib,EKVX,3.543528,LUAD,5.395971
868,Avagacestat,EKVX,5.216434,LUAD,6.414700
869,Axitinib,EKVX,3.868617,LUAD,5.118055
870,BMS-345541,EKVX,3.739774,LUAD,5.634617
871,BMS-536924,EKVX,2.225832,LUAD,1.920805
872,BMS-754807,EKVX,4.040668,LUAD,3.729686
873,Bortezomib,EKVX,-4.396559,LUAD,-2.624682
874,Bosutinib,EKVX,3.418940,LUAD,4.837976
875,Buparlisib,EKVX,1.195366,LUAD,3.150341
876,CCT007093,EKVX,5.283007,LUAD,6.993551
877,CZC24832,EKVX,5.611259,LUAD,6.520330
878,Camptothecin,EKVX,-0.403850,LUAD,1.035429
879,Cediranib,EKVX,2.699881,LUAD,3.117877
880,Crizotinib,EKVX,3.347018,LUAD,6.909652
881,Cyclophosphamide,EKVX,5.715681,LUAD,6.777357
882,Dactinomycin,EKVX,-2.607885,LUAD,-1.895872
883,Dactolisib,EKVX,-1.903714,LUAD,-1.581812
884,Dasatinib,EKVX,0.479042,LUAD,2.916155
885,Dinaciclib,EKVX,-2.506909,LUAD,-1.800525
886,Docetaxel,EKVX,-2.217611,LUAD,0.853241
887,Doramapimod,EKVX,5.652778,LUAD,5.994331
888,EHT-1864,EKVX,3.970575,LUAD,3.357760
889,EPZ004777,EKVX,5.887115,LUAD,6.660938
890,EPZ5676,EKVX,6.586222,LUAD,7.304148
891,Entinostat,EKVX,2.553445,LUAD,4.898786
892,Entospletinib,EKVX,3.758979,LUAD,5.135713
893,Epirubicin,EKVX,0.356374,LUAD,0.874931
894,Erlotinib,EKVX,2.743702,LUAD,1.720419
895,Fulvestrant,EKVX,4.001685,LUAD,4.604676
896,GDC0810,EKVX,5.235657,LUAD,7.656902
897,GNE-317,EKVX,0.932315,LUAD,0.728258
898,GSK1904529A,EKVX,4.503311,LUAD,5.906422
899,GSK2578215A,EKVX,5.307408,LUAD,5.567204
900,GSK2606414,EKVX,4.036845,LUAD,4.805422
901,GSK343,EKVX,4.383778,LUAD,4.892913
902,GW441756,EKVX,3.507221,LUAD,4.928902
903,Gefitinib,EKVX,3.654632,LUAD,2.742369
904,Gemcitabine,EKVX,3.197511,LUAD,3.900449
905,I-BET-762,EKVX,3.635687,LUAD,5.189575
906,I-BRD9,EKVX,4.872103,LUAD,6.199915
907,IWP-2,EKVX,2.990484,LUAD,4.247755
908,Ibrutinib,EKVX,5.072453,LUAD,2.433876
909,Ipatasertib,EKVX,3.118272,LUAD,5.221461
910,Irinotecan,EKVX,5.143369,LUAD,6.211456
911,JNK Inhibitor VIII,EKVX,5.447584,LUAD,5.731645
912,JQ1,EKVX,3.314710,LUAD,3.585674
913,KRAS (G12C) Inhibitor-12,EKVX,5.126582,LUAD,6.034443
914,KU-55933,EKVX,5.552049,LUAD,7.018330
915,LCL161,EKVX,5.193973,LUAD,7.308719
916,LGK974,EKVX,4.214353,LUAD,4.927386
917,LY2109761,EKVX,5.858393,LUAD,6.428688
918,Lapatinib,EKVX,2.951944,LUAD,2.011214
919,Leflunomide,EKVX,5.218586,LUAD,5.055721
920,Lenalidomide,EKVX,5.662557,LUAD,7.154397
921,Lestaurtinib,EKVX,1.484397,LUAD,2.571961
922,Linsitinib,EKVX,4.282405,LUAD,4.941322
923,Luminespib,EKVX,-1.637505,LUAD,0.133692
924,MG-132,EKVX,-1.043122,LUAD,-1.167539
925,MIRA-1,EKVX,5.839774,LUAD,6.867445
926,MK-1775,EKVX,1.585313,LUAD,4.687274
927,MK-2206,EKVX,2.691694,LUAD,4.114742
928,ML323,EKVX,4.599401,LUAD,4.125091
929,MN-64,EKVX,5.029676,LUAD,5.131375
930,Mirin,EKVX,5.345817,LUAD,6.257584
931,Motesanib,EKVX,5.884459,LUAD,7.125942
932,NU7441,EKVX,3.463150,LUAD,3.568632
933,NVP-ADW742,EKVX,3.420488,LUAD,5.836703
934,Navitoclax,EKVX,2.861281,LUAD,4.313946
935,Nilotinib,EKVX,3.492456,LUAD,5.547136
936,Niraparib,EKVX,5.161719,LUAD,6.482257
937,Nutlin-3a (-),EKVX,5.712791,LUAD,6.272183
938,OF-1,EKVX,4.337263,LUAD,2.964786
939,OSI-027,EKVX,2.654730,LUAD,2.986808
940,OTX015,EKVX,2.806308,LUAD,4.541015
941,Olaparib,EKVX,5.143956,LUAD,7.354600
942,Osimertinib,EKVX,1.793579,LUAD,1.162483
943,Oxaliplatin,EKVX,5.531959,LUAD,7.643888
944,P22077,EKVX,5.088736,LUAD,6.942884
945,PCI-34051,EKVX,4.695965,LUAD,6.225293
946,PD173074,EKVX,4.531540,LUAD,5.243813
947,PFI-1,EKVX,4.237274,LUAD,6.478392
948,PFI3,EKVX,5.742333,LUAD,7.173972
949,PLX-4720,EKVX,3.960862,LUAD,5.309123
950,PRIMA-1MET,EKVX,5.437616,LUAD,7.225671
951,PRT062607,EKVX,3.472573,LUAD,5.910175
952,Paclitaxel,EKVX,-1.349787,LUAD,-0.095567
953,Palbociclib,EKVX,4.620044,LUAD,5.783042
954,Pevonedistat,EKVX,2.256639,LUAD,6.303620
955,Picolinici-acid,EKVX,5.456644,LUAD,7.255022
956,Pictilisib,EKVX,0.797596,LUAD,2.630865
957,RO-3306,EKVX,3.909442,LUAD,5.681686
958,RVX-208,EKVX,5.162384,LUAD,5.973704
959,Ribociclib,EKVX,4.661856,LUAD,5.594614
960,Rucaparib,EKVX,4.627662,LUAD,5.199639
961,Ruxolitinib,EKVX,5.365801,LUAD,4.923353
962,SB216763,EKVX,5.600713,LUAD,6.104460
963,SB590885,EKVX,5.131024,LUAD,6.956705
964,SGC0946,EKVX,2.423621,LUAD,3.552400
965,SN-38,EKVX,2.238744,LUAD,1.714642
966,Sabutoclax,EKVX,0.429786,LUAD,0.422776
967,Sapitinib,EKVX,3.854117,LUAD,2.097940
968,Savolitinib,EKVX,2.836426,LUAD,4.865915
969,Sepantronium bromide,EKVX,-4.220531,LUAD,-6.961971
970,Serdemetan,EKVX,4.637702,LUAD,5.974667
971,Sorafenib,EKVX,2.722964,LUAD,3.157525
972,Staurosporine,EKVX,-2.581596,LUAD,-2.484117
973,Talazoparib,EKVX,4.738368,LUAD,4.419597
974,Tamoxifen,EKVX,4.110840,LUAD,6.855883
975,Tanespimycin,EKVX,0.437539,LUAD,1.999424
976,Taselisib,EKVX,1.847411,LUAD,2.725198
977,Telomerase Inhibitor IX,EKVX,1.517181,LUAD,1.008409
978,Temozolomide,EKVX,7.432207,LUAD,6.945658
979,Temsirolimus,EKVX,1.154399,LUAD,0.426465
980,Ulixertinib,EKVX,3.064158,LUAD,3.812530
981,Uprosertib,EKVX,2.396460,LUAD,6.259259
982,VE-822,EKVX,4.083796,LUAD,6.448961
983,Veliparib,EKVX,5.774706,LUAD,7.123438
984,Venetoclax,EKVX,3.189705,LUAD,3.654680
985,Vismodegib,EKVX,5.477125,LUAD,5.024376
986,Vorinostat,EKVX,2.311997,LUAD,3.852384
987,WEHI-539,EKVX,4.262295,LUAD,6.530483
988,WIKI4,EKVX,4.072986,LUAD,3.715731
989,WZ4003,EKVX,4.566337,LUAD,5.912366
990,Wnt-C59,EKVX,4.465094,LUAD,4.505418
991,XAV939,EKVX,4.388968,LUAD,4.670513
992,YK-4-279,EKVX,3.151664,LUAD,6.103949
993,ZM447439,EKVX,3.288755,LUAD,4.180794
994,5-Fluorouracil,NCIH1963,4.781669,SCLC,4.743407
995,ABT737,NCIH1963,0.268463,SCLC,-3.534010
996,AGI-5198,NCIH1963,4.496617,SCLC,4.825264
997,AGI-6780,NCIH1963,4.307167,SCLC,1.947016
998,AGK2,NCIH1963,3.250890,SCLC,4.009250
999,AZ960,NCIH1963,1.756925,SCLC,0.381402
1000,AZD3759,NCIH1963,2.901555,SCLC,2.744481
1001,AZD4547,NCIH1963,3.389745,SCLC,2.099782
1002,AZD5363,NCIH1963,2.527174,SCLC,4.609451
1003,AZD5582,NCIH1963,2.518196,SCLC,1.783644
1004,AZD6738,NCIH1963,2.034514,SCLC,1.951369
1005,AZD7762,NCIH1963,0.035561,SCLC,-0.118504
1006,AZD8186,NCIH1963,3.584166,SCLC,4.474092
1007,Afatinib,NCIH1963,2.135580,SCLC,1.406726
1008,Afuresertib,NCIH1963,1.874915,SCLC,3.532282
1009,Alpelisib,NCIH1963,3.620214,SCLC,4.201898
1010,Avagacestat,NCIH1963,4.911578,SCLC,3.978956
1011,Axitinib,NCIH1963,1.652926,SCLC,0.794604
1012,BMS-345541,NCIH1963,2.853774,SCLC,2.671328
1013,BMS-536924,NCIH1963,3.099894,SCLC,1.984544
1014,BMS-754807,NCIH1963,0.807652,SCLC,-0.033344
1015,Bortezomib,NCIH1963,-4.626486,SCLC,-5.102645
1016,Bosutinib,NCIH1963,3.307584,SCLC,2.854209
1017,Buparlisib,NCIH1963,1.237817,SCLC,1.075077
1018,CCT007093,NCIH1963,4.845146,SCLC,5.080772
1019,CZC24832,NCIH1963,5.322200,SCLC,4.485864
1020,Camptothecin,NCIH1963,-2.619525,SCLC,-3.298337
1021,Cediranib,NCIH1963,2.711967,SCLC,1.759478
1022,Crizotinib,NCIH1963,1.854520,SCLC,1.561486
1023,Cyclophosphamide,NCIH1963,5.020664,SCLC,3.209738
1024,Dactinomycin,NCIH1963,-3.313650,SCLC,-3.699174
1025,Dactolisib,NCIH1963,-1.074916,SCLC,0.294068
1026,Dasatinib,NCIH1963,3.539903,SCLC,3.046486
1027,Dinaciclib,NCIH1963,-2.531733,SCLC,-2.973722
1028,Docetaxel,NCIH1963,-4.032764,SCLC,-4.879798
1029,Doramapimod,NCIH1963,4.877886,SCLC,4.492463
1030,EHT-1864,NCIH1963,3.469918,SCLC,2.271456
1031,EPZ004777,NCIH1963,5.181688,SCLC,5.109377
1032,EPZ5676,NCIH1963,5.652059,SCLC,5.337031
1033,Entinostat,NCIH1963,0.005002,SCLC,0.876109
1034,Entospletinib,NCIH1963,4.559504,SCLC,5.249451
1035,Epirubicin,NCIH1963,-0.937533,SCLC,0.251492
1036,Erlotinib,NCIH1963,3.821282,SCLC,2.415133
1037,Fulvestrant,NCIH1963,3.304976,SCLC,2.083202
1038,GDC0810,NCIH1963,4.990496,SCLC,3.951397
1039,GNE-317,NCIH1963,1.385477,SCLC,2.149748
1040,GSK1904529A,NCIH1963,4.621625,SCLC,2.647411
1041,GSK2578215A,NCIH1963,4.995439,SCLC,3.884340
1042,GSK2606414,NCIH1963,3.967766,SCLC,3.818741
1043,GSK343,NCIH1963,3.738468,SCLC,2.909227
1044,GW441756,NCIH1963,3.444645,SCLC,2.219159
1045,Gefitinib,NCIH1963,3.782510,SCLC,2.742370
1046,Gemcitabine,NCIH1963,0.031698,SCLC,-2.059215
1047,I-BET-762,NCIH1963,3.645472,SCLC,3.813051
1048,I-BRD9,NCIH1963,4.612774,SCLC,3.046340
1049,IWP-2,NCIH1963,2.483884,SCLC,1.837569
1050,Ibrutinib,NCIH1963,5.101750,SCLC,2.323098
1051,Ipatasertib,NCIH1963,2.578710,SCLC,4.348813
1052,Irinotecan,NCIH1963,1.762527,SCLC,2.472360
1053,JNK Inhibitor VIII,NCIH1963,4.996918,SCLC,5.180777
1054,JQ1,NCIH1963,2.116742,SCLC,1.164763
1055,KRAS (G12C) Inhibitor-12,NCIH1963,4.781287,SCLC,1.423314
1056,KU-55933,NCIH1963,4.943873,SCLC,4.117588
1057,LCL161,NCIH1963,4.706860,SCLC,5.196385
1058,LGK974,NCIH1963,4.426748,SCLC,2.712382
1059,LY2109761,NCIH1963,5.162870,SCLC,4.159941
1060,Lapatinib,NCIH1963,4.190989,SCLC,2.364759
1061,Leflunomide,NCIH1963,5.081682,SCLC,5.231254
1062,Lenalidomide,NCIH1963,4.939637,SCLC,5.357789
1063,Lestaurtinib,NCIH1963,0.120325,SCLC,-1.450103
1064,Linsitinib,NCIH1963,3.509703,SCLC,3.090690
1065,Luminespib,NCIH1963,-1.265258,SCLC,-3.297620
1066,MG-132,NCIH1963,-1.151861,SCLC,-1.004889
1067,MIRA-1,NCIH1963,4.906330,SCLC,5.389727
1068,MK-1775,NCIH1963,0.279576,SCLC,-0.339999
1069,MK-2206,NCIH1963,2.561232,SCLC,3.536190
1070,ML323,NCIH1963,4.842072,SCLC,2.672414
1071,MN-64,NCIH1963,4.928603,SCLC,2.865933
1072,Mirin,NCIH1963,4.475532,SCLC,6.590345
1073,Motesanib,NCIH1963,5.409726,SCLC,4.698238
1074,NU7441,NCIH1963,3.271104,SCLC,3.933047
1075,NVP-ADW742,NCIH1963,2.598845,SCLC,2.233261
1076,Navitoclax,NCIH1963,-0.064730,SCLC,-3.076101
1077,Nilotinib,NCIH1963,3.622608,SCLC,3.174187
1078,Niraparib,NCIH1963,3.411410,SCLC,3.506262
1079,Nutlin-3a (-),NCIH1963,5.115483,SCLC,4.620889
1080,OF-1,NCIH1963,4.124306,SCLC,2.096812
1081,OSI-027,NCIH1963,3.119251,SCLC,4.337546
1082,OTX015,NCIH1963,3.375109,SCLC,5.050228
1083,Olaparib,NCIH1963,3.773451,SCLC,3.541626
1084,Osimertinib,NCIH1963,1.840465,SCLC,1.000403
1085,Oxaliplatin,NCIH1963,3.154133,SCLC,3.678872
1086,P22077,NCIH1963,3.904582,SCLC,2.810209
1087,PCI-34051,NCIH1963,4.115067,SCLC,3.869942
1088,PD173074,NCIH1963,4.416707,SCLC,3.937928
1089,PFI-1,NCIH1963,4.238709,SCLC,3.142578
1090,PFI3,NCIH1963,5.343722,SCLC,5.249993
1091,PLX-4720,NCIH1963,4.464540,SCLC,4.956964
1092,PRIMA-1MET,NCIH1963,3.436304,SCLC,3.071075
1093,PRT062607,NCIH1963,3.805186,SCLC,4.446730
1094,Paclitaxel,NCIH1963,-3.024587,SCLC,-3.832206
1095,Palbociclib,NCIH1963,4.204853,SCLC,4.180942
1096,Pevonedistat,NCIH1963,1.149899,SCLC,-3.098671
1097,Picolinici-acid,NCIH1963,5.005275,SCLC,4.794951
1098,Pictilisib,NCIH1963,1.868696,SCLC,2.938834
1099,RO-3306,NCIH1963,2.785251,SCLC,2.194586
1100,RVX-208,NCIH1963,4.832520,SCLC,5.127401
1101,Ribociclib,NCIH1963,4.152231,SCLC,3.667750
1102,Rucaparib,NCIH1963,3.757054,SCLC,3.578198
1103,Ruxolitinib,NCIH1963,4.937154,SCLC,3.573226
1104,SB216763,NCIH1963,5.065227,SCLC,4.952986
1105,SB590885,NCIH1963,4.711860,SCLC,4.521328
1106,SGC0946,NCIH1963,2.287798,SCLC,2.170814
1107,SN-38,NCIH1963,-4.380636,SCLC,-4.604099
1108,Sabutoclax,NCIH1963,-0.298008,SCLC,-1.793487
1109,Sapitinib,NCIH1963,5.254745,SCLC,4.513457
1110,Savolitinib,NCIH1963,2.556660,SCLC,1.971505
1111,Sepantronium bromide,NCIH1963,-4.889083,SCLC,-4.865703
1112,Serdemetan,NCIH1963,4.120457,SCLC,3.056209
1113,Sorafenib,NCIH1963,2.269924,SCLC,1.077468
1114,Staurosporine,NCIH1963,-1.943452,SCLC,-1.752548
1115,Talazoparib,NCIH1963,1.282960,SCLC,3.404999
1116,Tamoxifen,NCIH1963,4.021094,SCLC,2.649422
1117,Tanespimycin,NCIH1963,1.839046,SCLC,-0.150311
1118,Taselisib,NCIH1963,2.946592,SCLC,3.278449
1119,Telomerase Inhibitor IX,NCIH1963,0.451941,SCLC,-1.604189
1120,Temozolomide,NCIH1963,6.304403,SCLC,5.835663
1121,Temsirolimus,NCIH1963,1.954714,SCLC,2.138542
1122,Ulixertinib,NCIH1963,3.676855,SCLC,3.043402
1123,Uprosertib,NCIH1963,2.297501,SCLC,4.201295
1124,VE-822,NCIH1963,3.670958,SCLC,3.699082
1125,Veliparib,NCIH1963,5.092664,SCLC,4.307682
1126,Venetoclax,NCIH1963,2.315201,SCLC,-3.214138
1127,Vismodegib,NCIH1963,4.833528,SCLC,4.862808
1128,Vorinostat,NCIH1963,1.104068,SCLC,0.064386
1129,WEHI-539,NCIH1963,2.111298,SCLC,-1.506392
1130,WIKI4,NCIH1963,3.968082,SCLC,2.416891
1131,WZ4003,NCIH1963,4.830249,SCLC,4.820798
1132,Wnt-C59,NCIH1963,4.372439,SCLC,1.738098
1133,XAV939,NCIH1963,4.674948,SCLC,4.831257
1134,YK-4-279,NCIH1963,1.452212,SCLC,1.946954
1135,ZM447439,NCIH1963,2.127967,SCLC,-0.234532
1136,5-Fluorouracil,NCIH526,3.607716,SCLC,2.199228
1137,ABT737,NCIH526,-0.316666,SCLC,-2.545526
1138,AGI-5198,NCIH526,4.141700,SCLC,4.834197
1139,AGI-6780,NCIH526,4.003197,SCLC,2.071847
1140,AGK2,NCIH526,3.064128,SCLC,3.765725
1141,AZ960,NCIH526,0.857016,SCLC,-0.116924
1142,AZD3759,NCIH526,2.550282,SCLC,2.817461
1143,AZD4547,NCIH526,2.294015,SCLC,3.127968
1144,AZD5363,NCIH526,3.043285,SCLC,3.720848
1145,AZD5582,NCIH526,2.605581,SCLC,1.752615
1146,AZD6738,NCIH526,1.311254,SCLC,4.758818
1147,AZD7762,NCIH526,-0.073797,SCLC,0.919555
1148,AZD8186,NCIH526,3.265947,SCLC,3.632845
1149,Afatinib,NCIH526,1.817896,SCLC,1.592269
1150,Afuresertib,NCIH526,2.285317,SCLC,2.957972
1151,Alpelisib,NCIH526,3.675627,SCLC,3.837750
1152,Avagacestat,NCIH526,4.673018,SCLC,4.450674
1153,Axitinib,NCIH526,1.412386,SCLC,0.818767
1154,BMS-345541,NCIH526,2.381707,SCLC,2.212395
1155,BMS-536924,NCIH526,2.398688,SCLC,2.674545
1156,BMS-754807,NCIH526,0.333544,SCLC,0.187923
1157,Bortezomib,NCIH526,-4.795003,SCLC,-4.421346
1158,Bosutinib,NCIH526,2.697510,SCLC,2.681641
1159,Buparlisib,NCIH526,1.007637,SCLC,0.987368
1160,CCT007093,NCIH526,4.479533,SCLC,4.585229
1161,CZC24832,NCIH526,4.922585,SCLC,4.508728
1162,Camptothecin,NCIH526,-4.193952,SCLC,-4.845681
1163,Cediranib,NCIH526,2.077660,SCLC,2.870305
1164,Crizotinib,NCIH526,1.084933,SCLC,1.537962
1165,Cyclophosphamide,NCIH526,4.836755,SCLC,4.527271
1166,Dactinomycin,NCIH526,-4.163630,SCLC,-2.434466
1167,Dactolisib,NCIH526,-1.828874,SCLC,0.322827
1168,Dasatinib,NCIH526,3.115919,SCLC,3.255488
1169,Dinaciclib,NCIH526,-2.974545,SCLC,-3.808682
1170,Docetaxel,NCIH526,-4.129486,SCLC,-5.038353
1171,Doramapimod,NCIH526,4.635401,SCLC,4.940972
1172,EHT-1864,NCIH526,3.196107,SCLC,3.250001
1173,EPZ004777,NCIH526,5.112572,SCLC,4.109671
1174,EPZ5676,NCIH526,5.369440,SCLC,5.115191
1175,Entinostat,NCIH526,0.314515,SCLC,0.351749
1176,Entospletinib,NCIH526,4.298020,SCLC,2.895012
1177,Epirubicin,NCIH526,-2.105746,SCLC,-0.145733
1178,Erlotinib,NCIH526,3.028904,SCLC,2.912879
1179,Fulvestrant,NCIH526,3.156832,SCLC,3.037046
1180,GDC0810,NCIH526,4.561729,SCLC,4.699397
1181,GNE-317,NCIH526,1.136162,SCLC,2.617907
1182,GSK1904529A,NCIH526,4.235554,SCLC,3.082267
1183,GSK2578215A,NCIH526,4.738814,SCLC,4.417688
1184,GSK2606414,NCIH526,3.439489,SCLC,2.913971
1185,GSK343,NCIH526,3.311712,SCLC,2.991239
1186,GW441756,NCIH526,2.906956,SCLC,3.305685
1187,Gefitinib,NCIH526,3.359593,SCLC,2.607787
1188,Gemcitabine,NCIH526,-3.555758,SCLC,-1.811061
1189,I-BET-762,NCIH526,2.912020,SCLC,-0.966445
1190,I-BRD9,NCIH526,4.050384,SCLC,2.634291
1191,IWP-2,NCIH526,2.308056,SCLC,1.711338
1192,Ibrutinib,NCIH526,4.945301,SCLC,4.936892
1193,Ipatasertib,NCIH526,3.211712,SCLC,3.882288
1194,Irinotecan,NCIH526,0.376615,SCLC,-1.602118
1195,JNK Inhibitor VIII,NCIH526,4.662068,SCLC,4.939971
1196,JQ1,NCIH526,1.587336,SCLC,-1.663548
1197,KRAS (G12C) Inhibitor-12,NCIH526,3.501019,SCLC,2.761203
1198,KU-55933,NCIH526,4.797543,SCLC,4.554626
1199,LCL161,NCIH526,4.362700,SCLC,4.932370
1200,LGK974,NCIH526,3.577402,SCLC,2.007659
1201,LY2109761,NCIH526,4.806165,SCLC,2.928068
1202,Lapatinib,NCIH526,3.882851,SCLC,4.665953
1203,Leflunomide,NCIH526,4.449759,SCLC,4.328657
1204,Lenalidomide,NCIH526,4.539390,SCLC,4.763700
1205,Lestaurtinib,NCIH526,-0.568814,SCLC,-1.578207
1206,Linsitinib,NCIH526,3.523700,SCLC,3.826810
1207,Luminespib,NCIH526,-1.678327,SCLC,-1.006420
1208,MG-132,NCIH526,-1.117145,SCLC,-1.192539
1209,MIRA-1,NCIH526,4.300713,SCLC,4.774784
1210,MK-1775,NCIH526,-0.478144,SCLC,-0.009786
1211,MK-2206,NCIH526,2.788131,SCLC,3.811037
1212,ML323,NCIH526,4.134629,SCLC,2.516391
1213,MN-64,NCIH526,4.484071,SCLC,3.697933
1214,Mirin,NCIH526,3.996132,SCLC,4.918605
1215,Motesanib,NCIH526,4.902420,SCLC,4.719507
1216,NU7441,NCIH526,3.280319,SCLC,3.017819
1217,NVP-ADW742,NCIH526,2.390623,SCLC,2.697792
1218,Navitoclax,NCIH526,-0.376410,SCLC,-1.913380
1219,Nilotinib,NCIH526,3.054962,SCLC,2.664366
1220,Niraparib,NCIH526,3.194983,SCLC,1.252064
1221,Nutlin-3a (-),NCIH526,5.081519,SCLC,4.799553
1222,OF-1,NCIH526,3.790272,SCLC,2.089588
1223,OSI-027,NCIH526,2.837008,SCLC,4.367020
1224,OTX015,NCIH526,2.312866,SCLC,-2.412613
1225,Olaparib,NCIH526,2.847849,SCLC,2.856011
1226,Osimertinib,NCIH526,1.720635,SCLC,2.182404
1227,Oxaliplatin,NCIH526,2.364796,SCLC,2.044998
1228,P22077,NCIH526,3.540236,SCLC,4.940972
1229,PCI-34051,NCIH526,3.688248,SCLC,3.087423
1230,PD173074,NCIH526,3.964256,SCLC,4.770515
1231,PFI-1,NCIH526,3.852208,SCLC,3.437289
1232,PFI3,NCIH526,4.582808,SCLC,4.881021
1233,PLX-4720,NCIH526,4.215347,SCLC,3.348848
1234,PRIMA-1MET,NCIH526,3.012481,SCLC,6.009737
1235,PRT062607,NCIH526,3.706326,SCLC,2.801062
1236,Paclitaxel,NCIH526,-2.892998,SCLC,-4.299135
1237,Palbociclib,NCIH526,3.481919,SCLC,4.330783
1238,Pevonedistat,NCIH526,-1.403996,SCLC,-1.977756
1239,Picolinici-acid,NCIH526,4.727786,SCLC,3.509534
1240,Pictilisib,NCIH526,1.775424,SCLC,3.684767
1241,RO-3306,NCIH526,2.196119,SCLC,3.467418
1242,RVX-208,NCIH526,4.301089,SCLC,1.970459
1243,Ribociclib,NCIH526,3.769463,SCLC,3.498079
1244,Rucaparib,NCIH526,3.022419,SCLC,3.476752
1245,Ruxolitinib,NCIH526,4.659616,SCLC,2.593905
1246,SB216763,NCIH526,4.822717,SCLC,4.939912
1247,SB590885,NCIH526,4.167784,SCLC,4.175473
1248,SGC0946,NCIH526,2.008517,SCLC,1.926910
1249,SN-38,NCIH526,-5.644140,SCLC,-6.480038
1250,Sabutoclax,NCIH526,-0.989508,SCLC,-0.918476
1251,Sapitinib,NCIH526,4.978503,SCLC,4.367389
1252,Savolitinib,NCIH526,2.069873,SCLC,1.958897
1253,Sepantronium bromide,NCIH526,-4.797170,SCLC,-3.686503
1254,Serdemetan,NCIH526,3.416538,SCLC,3.670289
1255,Sorafenib,NCIH526,2.054804,SCLC,1.289069
1256,Staurosporine,NCIH526,-2.550197,SCLC,-3.485347
1257,Talazoparib,NCIH526,-0.828966,SCLC,1.607360
1258,Tamoxifen,NCIH526,3.528454,SCLC,3.837450
1259,Tanespimycin,NCIH526,0.698726,SCLC,-0.131331
1260,Taselisib,NCIH526,2.312260,SCLC,4.136393
1261,Telomerase Inhibitor IX,NCIH526,-0.121552,SCLC,-0.417690
1262,Temozolomide,NCIH526,5.714437,SCLC,6.087408
1263,Temsirolimus,NCIH526,1.598139,SCLC,2.108784
1264,Ulixertinib,NCIH526,3.098821,SCLC,4.142594
1265,Uprosertib,NCIH526,3.084686,SCLC,3.630161
1266,VE-822,NCIH526,2.189369,SCLC,2.712431
1267,Veliparib,NCIH526,4.686682,SCLC,4.823655
1268,Venetoclax,NCIH526,1.366458,SCLC,-0.897788
1269,Vismodegib,NCIH526,4.611611,SCLC,4.940972
1270,Vorinostat,NCIH526,0.957005,SCLC,0.827514
1271,WEHI-539,NCIH526,2.608528,SCLC,2.711856
1272,WIKI4,NCIH526,3.695933,SCLC,4.152582
1273,WZ4003,NCIH526,4.067633,SCLC,2.996072
1274,Wnt-C59,NCIH526,3.771360,SCLC,2.133816
1275,XAV939,NCIH526,4.147281,SCLC,2.698588
1276,YK-4-279,NCIH526,1.186803,SCLC,2.836383
1277,ZM447439,NCIH526,1.606827,SCLC,2.276241
1278,5-Fluorouracil,HCC15,3.407030,LUSC,3.781245
1279,ABT737,HCC15,3.017217,LUSC,-0.988617
1280,AGI-5198,HCC15,4.653923,LUSC,4.365662
1281,AGI-6780,HCC15,4.335656,LUSC,4.793574
1282,AGK2,HCC15,3.188590,LUSC,2.703345
1283,AZ960,HCC15,1.005152,LUSC,2.195069
1284,AZD3759,HCC15,2.420074,LUSC,3.881852
1285,AZD4547,HCC15,2.664443,LUSC,1.624731
1286,AZD5363,HCC15,2.184033,LUSC,3.997440
1287,AZD5582,HCC15,2.348399,LUSC,2.058598
1288,AZD6738,HCC15,1.626865,LUSC,4.292481
1289,AZD7762,HCC15,-0.234007,LUSC,1.252185
1290,AZD8186,HCC15,2.668733,LUSC,4.304506
1291,Afatinib,HCC15,2.100704,LUSC,2.654989
1292,Afuresertib,HCC15,1.793596,LUSC,3.383025
1293,Alpelisib,HCC15,2.755726,LUSC,5.020437
1294,Avagacestat,HCC15,4.500417,LUSC,4.988074
1295,Axitinib,HCC15,2.751276,LUSC,1.454935
1296,BMS-345541,HCC15,2.600108,LUSC,4.040057
1297,BMS-536924,HCC15,1.111897,LUSC,1.670699
1298,BMS-754807,HCC15,0.646991,LUSC,0.605509
1299,Bortezomib,HCC15,-4.263288,LUSC,-4.670093
1300,Bosutinib,HCC15,2.716917,LUSC,3.633181
1301,Buparlisib,HCC15,0.909273,LUSC,0.630955
1302,CCT007093,HCC15,5.061530,LUSC,5.591403
1303,CZC24832,HCC15,4.904604,LUSC,5.490473
1304,Camptothecin,HCC15,-1.887640,LUSC,-1.569395
1305,Cediranib,HCC15,2.351191,LUSC,4.216703
1306,Crizotinib,HCC15,1.591446,LUSC,2.212301
1307,Cyclophosphamide,HCC15,5.345434,LUSC,5.693207
1308,Dactinomycin,HCC15,-3.912486,LUSC,-3.141519
1309,Dactolisib,HCC15,-1.968159,LUSC,-1.359080
1310,Dasatinib,HCC15,0.016939,LUSC,2.529458
1311,Dinaciclib,HCC15,-2.961866,LUSC,0.652501
1312,Docetaxel,HCC15,-3.560806,LUSC,-6.299937
1313,Doramapimod,HCC15,4.790644,LUSC,5.677689
1314,EHT-1864,HCC15,3.808711,LUSC,3.386187
1315,EPZ004777,HCC15,5.314258,LUSC,5.556386
1316,EPZ5676,HCC15,5.885084,LUSC,5.398817
1317,Entinostat,HCC15,1.628460,LUSC,5.272370
1318,Entospletinib,HCC15,3.308162,LUSC,3.692273
1319,Epirubicin,HCC15,-1.194770,LUSC,1.361232
1320,Erlotinib,HCC15,2.861918,LUSC,2.289131
1321,Fulvestrant,HCC15,3.768718,LUSC,3.672254
1322,GDC0810,HCC15,4.821651,LUSC,4.799229
1323,GNE-317,HCC15,0.242977,LUSC,1.370545
1324,GSK1904529A,HCC15,4.307275,LUSC,4.655478
1325,GSK2578215A,HCC15,4.928988,LUSC,5.903462
1326,GSK2606414,HCC15,3.444509,LUSC,4.520960
1327,GSK343,HCC15,3.392040,LUSC,4.314133
1328,GW441756,HCC15,3.067906,LUSC,2.074706
1329,Gefitinib,HCC15,3.637423,LUSC,2.847451
1330,Gemcitabine,HCC15,-1.146338,LUSC,-1.694657
1331,I-BET-762,HCC15,1.885212,LUSC,3.996917
1332,I-BRD9,HCC15,4.075991,LUSC,5.906240
1333,IWP-2,HCC15,2.643804,LUSC,3.603655
1334,Ibrutinib,HCC15,4.482916,LUSC,5.833521
1335,Ipatasertib,HCC15,2.903128,LUSC,5.488079
1336,Irinotecan,HCC15,2.476427,LUSC,3.504034
1337,JNK Inhibitor VIII,HCC15,4.974532,LUSC,5.476094
1338,JQ1,HCC15,0.531310,LUSC,2.197578
1339,KRAS (G12C) Inhibitor-12,HCC15,4.053495,LUSC,5.475134
1340,KU-55933,HCC15,4.839372,LUSC,4.705804
1341,LCL161,HCC15,4.614283,LUSC,5.550115
1342,LGK974,HCC15,4.299876,LUSC,3.397026
1343,LY2109761,HCC15,5.120467,LUSC,5.857356
1344,Lapatinib,HCC15,3.302805,LUSC,4.208715
1345,Leflunomide,HCC15,4.944178,LUSC,5.084894
1346,Lenalidomide,HCC15,5.275739,LUSC,5.886203
1347,Lestaurtinib,HCC15,0.149406,LUSC,1.289090
1348,Linsitinib,HCC15,3.501837,LUSC,3.419618
1349,Luminespib,HCC15,-3.046724,LUSC,0.460433
1350,MG-132,HCC15,-1.373777,LUSC,-1.067239
1351,MIRA-1,HCC15,5.324504,LUSC,5.343437
1352,MK-1775,HCC15,0.426311,LUSC,0.281253
1353,MK-2206,HCC15,2.739115,LUSC,3.603684
1354,ML323,HCC15,4.447010,LUSC,4.134647
1355,MN-64,HCC15,4.713562,LUSC,4.062556
1356,Mirin,HCC15,4.056660,LUSC,6.244376
1357,Motesanib,HCC15,5.749313,LUSC,5.725870
1358,NU7441,HCC15,2.536168,LUSC,3.060368
1359,NVP-ADW742,HCC15,2.406002,LUSC,2.135790
1360,Navitoclax,HCC15,2.989768,LUSC,-1.558481
1361,Nilotinib,HCC15,3.120514,LUSC,2.615787
1362,Niraparib,HCC15,3.745799,LUSC,5.669255
1363,Nutlin-3a (-),HCC15,3.028163,LUSC,5.488922
1364,OF-1,HCC15,4.083996,LUSC,4.070004
1365,OSI-027,HCC15,2.249706,LUSC,3.423416
1366,OTX015,HCC15,0.537954,LUSC,3.786651
1367,Olaparib,HCC15,4.425028,LUSC,4.324566
1368,Osimertinib,HCC15,2.012167,LUSC,2.527723
1369,Oxaliplatin,HCC15,3.780331,LUSC,4.973810
1370,P22077,HCC15,4.549407,LUSC,5.102451
1371,PCI-34051,HCC15,4.197414,LUSC,4.804417
1372,PD173074,HCC15,3.519014,LUSC,5.390967
1373,PFI-1,HCC15,3.361551,LUSC,3.872103
1374,PFI3,HCC15,5.425765,LUSC,5.655653
1375,PLX-4720,HCC15,3.934585,LUSC,5.700125
1376,PRIMA-1MET,HCC15,4.091003,LUSC,6.975727
1377,PRT062607,HCC15,2.165458,LUSC,3.346811
1378,Paclitaxel,HCC15,-3.103439,LUSC,-5.090637
1379,Palbociclib,HCC15,3.039766,LUSC,5.828476
1380,Pevonedistat,HCC15,1.170865,LUSC,0.333266
1381,Picolinici-acid,HCC15,4.970310,LUSC,5.714695
1382,Pictilisib,HCC15,0.352465,LUSC,1.962602
1383,RO-3306,HCC15,2.606282,LUSC,3.896495
1384,RVX-208,HCC15,4.450592,LUSC,5.673180
1385,Ribociclib,HCC15,3.702670,LUSC,4.509072
1386,Rucaparib,HCC15,3.949981,LUSC,5.012200
1387,Ruxolitinib,HCC15,4.949883,LUSC,5.470563
1388,SB216763,HCC15,5.292565,LUSC,5.778833
1389,SB590885,HCC15,4.649640,LUSC,5.135103
1390,SGC0946,HCC15,2.117550,LUSC,2.872606
1391,SN-38,HCC15,-1.579901,LUSC,-3.870402
1392,Sabutoclax,HCC15,-0.396640,LUSC,1.060855
1393,Sapitinib,HCC15,4.593006,LUSC,5.727848
1394,Savolitinib,HCC15,2.439690,LUSC,2.748387
1395,Sepantronium bromide,HCC15,-3.990130,LUSC,-4.306695
1396,Serdemetan,HCC15,3.749525,LUSC,3.380139
1397,Sorafenib,HCC15,2.632013,LUSC,2.839081
1398,Staurosporine,HCC15,-2.984532,LUSC,-1.944589
1399,Talazoparib,HCC15,2.793196,LUSC,3.632080
1400,Tamoxifen,HCC15,4.358494,LUSC,3.551005
1401,Tanespimycin,HCC15,-1.225283,LUSC,-1.022170
1402,Taselisib,HCC15,0.973061,LUSC,3.479368
1403,Telomerase Inhibitor IX,HCC15,0.294391,LUSC,3.705303
1404,Temozolomide,HCC15,6.661546,LUSC,6.809803
1405,Temsirolimus,HCC15,1.017328,LUSC,1.640197
1406,Ulixertinib,HCC15,0.390645,LUSC,2.641013
1407,Uprosertib,HCC15,2.205584,LUSC,4.600816
1408,VE-822,HCC15,2.212857,LUSC,4.662567
1409,Veliparib,HCC15,5.329871,LUSC,5.359856
1410,Venetoclax,HCC15,3.019483,LUSC,0.933266
1411,Vismodegib,HCC15,5.057929,LUSC,5.321994
1412,Vorinostat,HCC15,1.597641,LUSC,2.026298
1413,WEHI-539,HCC15,3.434968,LUSC,1.158530
1414,WIKI4,HCC15,3.659364,LUSC,3.787966
1415,WZ4003,HCC15,3.847884,LUSC,4.069662
1416,Wnt-C59,HCC15,4.562778,LUSC,4.522879
1417,XAV939,HCC15,3.737545,LUSC,4.629889
1418,YK-4-279,HCC15,1.682833,LUSC,1.296869
1419,ZM447439,HCC15,2.700817,LUSC,0.966315
1420,5-Fluorouracil,NCIH1793,4.119966,LUAD,7.762684
1421,ABT737,NCIH1793,2.956154,LUAD,3.969508
1422,AGI-5198,NCIH1793,5.102920,LUAD,5.927880
1423,AGI-6780,NCIH1793,4.479267,LUAD,5.015413
1424,AGK2,NCIH1793,3.361508,LUAD,4.416084
1425,AZ960,NCIH1793,1.933939,LUAD,3.727776
1426,AZD3759,NCIH1793,2.683678,LUAD,4.490499
1427,AZD4547,NCIH1793,3.734422,LUAD,4.191060
1428,AZD5363,NCIH1793,2.580798,LUAD,5.471025
1429,AZD5582,NCIH1793,2.978920,LUAD,4.502788
1430,AZD6738,NCIH1793,2.057355,LUAD,3.088976
1431,AZD7762,NCIH1793,0.498522,LUAD,1.851707
1432,AZD8186,NCIH1793,2.882233,LUAD,3.683070
1433,Afatinib,NCIH1793,1.917836,LUAD,3.458241
1434,Afuresertib,NCIH1793,2.300163,LUAD,5.996949
1435,Alpelisib,NCIH1793,2.629121,LUAD,4.932421
1436,Avagacestat,NCIH1793,5.117493,LUAD,6.305094
1437,Axitinib,NCIH1793,3.134362,LUAD,6.652557
1438,BMS-345541,NCIH1793,3.105248,LUAD,4.965067
1439,BMS-536924,NCIH1793,1.897951,LUAD,2.194709
1440,BMS-754807,NCIH1793,2.028178,LUAD,5.273042
1441,Bortezomib,NCIH1793,-4.266694,LUAD,-0.697855
1442,Bosutinib,NCIH1793,3.417659,LUAD,4.015889
1443,Buparlisib,NCIH1793,1.077559,LUAD,0.636215
1444,CCT007093,NCIH1793,5.253247,LUAD,6.796024
1445,CZC24832,NCIH1793,5.611747,LUAD,6.533476
1446,Camptothecin,NCIH1793,-1.809271,LUAD,-1.569089
1447,Cediranib,NCIH1793,2.321430,LUAD,3.631720
1448,Crizotinib,NCIH1793,2.592235,LUAD,6.820332
1449,Cyclophosphamide,NCIH1793,5.782893,LUAD,6.943721
1450,Dactinomycin,NCIH1793,-3.715905,LUAD,-1.362390
1451,Dactolisib,NCIH1793,-1.953657,LUAD,-2.473441
1452,Dasatinib,NCIH1793,1.506278,LUAD,2.911925
1453,Dinaciclib,NCIH1793,-2.962580,LUAD,-0.680445
1454,Docetaxel,NCIH1793,-3.950788,LUAD,-1.703917
1455,Doramapimod,NCIH1793,5.019925,LUAD,7.255133
1456,EHT-1864,NCIH1793,3.846407,LUAD,6.310854
1457,EPZ004777,NCIH1793,5.653153,LUAD,6.431099
1458,EPZ5676,NCIH1793,6.309441,LUAD,7.207649
1459,Entinostat,NCIH1793,1.750239,LUAD,7.420063
1460,Entospletinib,NCIH1793,3.074819,LUAD,2.637796
1461,Epirubicin,NCIH1793,-0.668499,LUAD,0.894380
1462,Erlotinib,NCIH1793,2.745971,LUAD,4.379195
1463,Fulvestrant,NCIH1793,4.011769,LUAD,5.643736
1464,GDC0810,NCIH1793,5.454309,LUAD,6.491852
1465,GNE-317,NCIH1793,0.606112,LUAD,-1.165030
1466,GSK1904529A,NCIH1793,4.490095,LUAD,5.263678
1467,GSK2578215A,NCIH1793,5.189448,LUAD,5.766193
1468,GSK2606414,NCIH1793,3.513953,LUAD,6.523442
1469,GSK343,NCIH1793,3.640145,LUAD,5.161684
1470,GW441756,NCIH1793,3.349276,LUAD,4.825449
1471,Gefitinib,NCIH1793,3.500698,LUAD,4.355905
1472,Gemcitabine,NCIH1793,0.304276,LUAD,0.475966
1473,I-BET-762,NCIH1793,3.040994,LUAD,5.803069
1474,I-BRD9,NCIH1793,4.507056,LUAD,5.119186
1475,IWP-2,NCIH1793,2.938704,LUAD,4.331598
1476,Ibrutinib,NCIH1793,4.332815,LUAD,4.819299
1477,Ipatasertib,NCIH1793,2.967509,LUAD,5.303221
1478,Irinotecan,NCIH1793,3.395076,LUAD,6.714620
1479,JNK Inhibitor VIII,NCIH1793,5.187673,LUAD,4.808599
1480,JQ1,NCIH1793,2.898429,LUAD,5.640815
1481,KRAS (G12C) Inhibitor-12,NCIH1793,4.807911,LUAD,6.367576
1482,KU-55933,NCIH1793,5.332415,LUAD,6.473175
1483,LCL161,NCIH1793,4.964420,LUAD,6.738388
1484,LGK974,NCIH1793,4.510103,LUAD,5.758112
1485,LY2109761,NCIH1793,5.134348,LUAD,6.536971
1486,Lapatinib,NCIH1793,2.437809,LUAD,5.393839
1487,Leflunomide,NCIH1793,5.371964,LUAD,6.486929
1488,Lenalidomide,NCIH1793,5.791028,LUAD,7.420063
1489,Lestaurtinib,NCIH1793,0.787169,LUAD,3.609439
1490,Linsitinib,NCIH1793,3.795006,LUAD,5.004225
1491,Luminespib,NCIH1793,-2.625477,LUAD,2.264327
1492,MG-132,NCIH1793,-1.214654,LUAD,1.362223
1493,MIRA-1,NCIH1793,5.681203,LUAD,7.414381
1494,MK-1775,NCIH1793,1.323430,LUAD,2.001450
1495,MK-2206,NCIH1793,2.366758,LUAD,5.126837
1496,ML323,NCIH1793,4.855877,LUAD,5.950091
1497,MN-64,NCIH1793,4.989470,LUAD,6.271985
1498,Mirin,NCIH1793,4.724294,LUAD,9.481508
1499,Motesanib,NCIH1793,6.212742,LUAD,7.420063
1500,NU7441,NCIH1793,2.853684,LUAD,5.049114
1501,NVP-ADW742,NCIH1793,2.535385,LUAD,4.323253
1502,Navitoclax,NCIH1793,2.949514,LUAD,3.472978
1503,Nilotinib,NCIH1793,2.783339,LUAD,4.718896
1504,Niraparib,NCIH1793,4.855595,LUAD,6.563964
1505,Nutlin-3a (-),NCIH1793,5.057817,LUAD,6.638691
1506,OF-1,NCIH1793,4.320721,LUAD,3.665331
1507,OSI-027,NCIH1793,2.324983,LUAD,1.149836
1508,OTX015,NCIH1793,2.222554,LUAD,4.417696
1509,Olaparib,NCIH1793,5.153587,LUAD,6.641344
1510,Osimertinib,NCIH1793,1.631166,LUAD,3.708593
1511,Oxaliplatin,NCIH1793,4.670066,LUAD,7.076083
1512,P22077,NCIH1793,5.083914,LUAD,4.690507
1513,PCI-34051,NCIH1793,4.779568,LUAD,6.670092
1514,PD173074,NCIH1793,4.179094,LUAD,6.070585
1515,PFI-1,NCIH1793,4.094904,LUAD,7.037243
1516,PFI3,NCIH1793,5.611684,LUAD,6.756429
1517,PLX-4720,NCIH1793,3.309372,LUAD,5.540102
1518,PRIMA-1MET,NCIH1793,5.104449,LUAD,7.084573
1519,PRT062607,NCIH1793,2.672715,LUAD,4.116322
1520,Paclitaxel,NCIH1793,-3.150329,LUAD,0.674122
1521,Palbociclib,NCIH1793,3.922606,LUAD,6.047136
1522,Pevonedistat,NCIH1793,1.736164,LUAD,3.231296
1523,Picolinici-acid,NCIH1793,5.260454,LUAD,7.025088
1524,Pictilisib,NCIH1793,0.686867,LUAD,1.280849
1525,RO-3306,NCIH1793,2.997129,LUAD,6.455013
1526,RVX-208,NCIH1793,4.960395,LUAD,5.133032
1527,Ribociclib,NCIH1793,4.148599,LUAD,5.913595
1528,Rucaparib,NCIH1793,4.239565,LUAD,6.652648
1529,Ruxolitinib,NCIH1793,5.394102,LUAD,6.467714
1530,SB216763,NCIH1793,5.642574,LUAD,6.879471
1531,SB590885,NCIH1793,4.891939,LUAD,6.550006
1532,SGC0946,NCIH1793,2.274754,LUAD,3.856189
1533,SN-38,NCIH1793,-1.567381,LUAD,5.425635
1534,Sabutoclax,NCIH1793,0.108303,LUAD,1.478283
1535,Sapitinib,NCIH1793,3.969795,LUAD,5.030401
1536,Savolitinib,NCIH1793,2.835152,LUAD,3.790714
1537,Sepantronium bromide,NCIH1793,-3.709249,LUAD,-5.486485
1538,Serdemetan,NCIH1793,4.106224,LUAD,7.220156
1539,Sorafenib,NCIH1793,2.552047,LUAD,3.612134
1540,Staurosporine,NCIH1793,-2.656376,LUAD,0.237064
1541,Talazoparib,NCIH1793,3.367004,LUAD,6.547059
1542,Tamoxifen,NCIH1793,4.296644,LUAD,4.850863
1543,Tanespimycin,NCIH1793,-1.211518,LUAD,3.219092
1544,Taselisib,NCIH1793,1.301464,LUAD,3.105799
1545,Telomerase Inhibitor IX,NCIH1793,0.867033,LUAD,3.325647
1546,Temozolomide,NCIH1793,6.939991,LUAD,8.305081
1547,Temsirolimus,NCIH1793,1.290751,LUAD,1.171673
1548,Ulixertinib,NCIH1793,1.782593,LUAD,4.601714
1549,Uprosertib,NCIH1793,2.459180,LUAD,5.414345
1550,VE-822,NCIH1793,2.989277,LUAD,6.543864
1551,Veliparib,NCIH1793,5.762351,LUAD,7.068377
1552,Venetoclax,NCIH1793,3.084560,LUAD,2.954022
1553,Vismodegib,NCIH1793,5.384490,LUAD,6.298817
1554,Vorinostat,NCIH1793,1.689831,LUAD,5.387303
1555,WEHI-539,NCIH1793,4.542947,LUAD,5.496841
1556,WIKI4,NCIH1793,3.715493,LUAD,5.188194
1557,WZ4003,NCIH1793,4.331550,LUAD,6.761400
1558,Wnt-C59,NCIH1793,4.545125,LUAD,6.003740
1559,XAV939,NCIH1793,4.051809,LUAD,3.845377
1560,YK-4-279,NCIH1793,2.504902,LUAD,3.886594
1561,ZM447439,NCIH1793,2.363763,LUAD,6.301781
1562,5-Fluorouracil,LU135,3.986620,SCLC,4.140981
1563,ABT737,LU135,-1.172405,SCLC,-1.109456
1564,AGI-5198,LU135,4.553269,SCLC,5.173997
1565,AGI-6780,LU135,3.847967,SCLC,4.542143
1566,AGK2,LU135,2.995437,SCLC,2.791257
1567,AZ960,LU135,1.063028,SCLC,1.817084
1568,AZD3759,LU135,2.615858,SCLC,3.162003
1569,AZD4547,LU135,2.555386,SCLC,3.354787
1570,AZD5363,LU135,2.360423,SCLC,4.641336
1571,AZD5582,LU135,2.544208,SCLC,0.885290
1572,AZD6738,LU135,1.255713,SCLC,2.663900
1573,AZD7762,LU135,0.165564,SCLC,0.734161
1574,AZD8186,LU135,3.056973,SCLC,4.355466
1575,Afatinib,LU135,1.427861,SCLC,0.855264
1576,Afuresertib,LU135,1.708573,SCLC,4.352792
1577,Alpelisib,LU135,2.614642,SCLC,3.621370
1578,Avagacestat,LU135,4.664042,SCLC,4.526456
1579,Axitinib,LU135,1.146578,SCLC,0.928076
1580,BMS-345541,LU135,2.942282,SCLC,3.200193
1581,BMS-536924,LU135,2.388612,SCLC,2.672787
1582,BMS-754807,LU135,0.360806,SCLC,-0.985451
1583,Bortezomib,LU135,-4.679812,SCLC,-4.409114
1584,Bosutinib,LU135,2.904325,SCLC,2.661465
1585,Buparlisib,LU135,1.047918,SCLC,1.116295
1586,CCT007093,LU135,4.694291,SCLC,4.717566
1587,CZC24832,LU135,4.978911,SCLC,5.274074
1588,Camptothecin,LU135,-3.190901,SCLC,-3.065622
1589,Cediranib,LU135,1.963413,SCLC,2.731037
1590,Crizotinib,LU135,1.162184,SCLC,0.733136
1591,Cyclophosphamide,LU135,4.937978,SCLC,5.324112
1592,Dactinomycin,LU135,-3.832328,SCLC,-2.499824
1593,Dactolisib,LU135,-1.495681,SCLC,-0.616435
1594,Dasatinib,LU135,2.876656,SCLC,3.810553
1595,Dinaciclib,LU135,-3.019927,SCLC,-0.083877
1596,Docetaxel,LU135,-4.399825,SCLC,-5.116641
1597,Doramapimod,LU135,4.562860,SCLC,5.363185
1598,EHT-1864,LU135,3.297264,SCLC,4.397002
1599,EPZ004777,LU135,5.095842,SCLC,5.590904
1600,EPZ5676,LU135,5.388522,SCLC,5.389897
1601,Entinostat,LU135,0.192925,SCLC,1.547827
1602,Entospletinib,LU135,3.982333,SCLC,4.546772
1603,Epirubicin,LU135,-1.504235,SCLC,-1.497863
1604,Erlotinib,LU135,3.170382,SCLC,4.251925
1605,Fulvestrant,LU135,3.097969,SCLC,3.746631
1606,GDC0810,LU135,4.771264,SCLC,5.327022
1607,GNE-317,LU135,1.008103,SCLC,1.145444
1608,GSK1904529A,LU135,4.487821,SCLC,4.088026
1609,GSK2578215A,LU135,4.708904,SCLC,5.116058
1610,GSK2606414,LU135,3.574779,SCLC,4.780423
1611,GSK343,LU135,3.582569,SCLC,3.120771
1612,GW441756,LU135,3.169898,SCLC,0.388557
1613,Gefitinib,LU135,3.564431,SCLC,3.228728
1614,Gemcitabine,LU135,-0.183443,SCLC,-0.939428
1615,I-BET-762,LU135,3.055309,SCLC,3.741849
1616,I-BRD9,LU135,4.031649,SCLC,4.316513
1617,IWP-2,LU135,2.324612,SCLC,2.843666
1618,Ibrutinib,LU135,4.403978,SCLC,4.601770
1619,Ipatasertib,LU135,2.812113,SCLC,4.128622
1620,Irinotecan,LU135,1.473536,SCLC,2.184308
1621,JNK Inhibitor VIII,LU135,4.863317,SCLC,5.370282
1622,JQ1,LU135,1.734583,SCLC,-0.181938
1623,KRAS (G12C) Inhibitor-12,LU135,4.295309,SCLC,4.660555
1624,KU-55933,LU135,4.961098,SCLC,4.742686
1625,LCL161,LU135,4.556247,SCLC,5.106220
1626,LGK974,LU135,4.020630,SCLC,4.372664
1627,LY2109761,LU135,4.971293,SCLC,5.112615
1628,Lapatinib,LU135,3.294636,SCLC,2.563656
1629,Leflunomide,LU135,4.786598,SCLC,5.675008
1630,Lenalidomide,LU135,4.851208,SCLC,4.384324
1631,Lestaurtinib,LU135,0.008707,SCLC,-1.858805
1632,Linsitinib,LU135,3.065506,SCLC,3.163458
1633,Luminespib,LU135,-1.765724,SCLC,-0.297299
1634,MG-132,LU135,-1.187597,SCLC,-0.991079
1635,MIRA-1,LU135,4.734760,SCLC,2.697280
1636,MK-1775,LU135,-0.135620,SCLC,0.352933
1637,MK-2206,LU135,1.832564,SCLC,1.967209
1638,ML323,LU135,4.511786,SCLC,5.224004
1639,MN-64,LU135,4.720470,SCLC,4.146539
1640,Mirin,LU135,4.171586,SCLC,5.530094
1641,Motesanib,LU135,5.142837,SCLC,4.620330
1642,NU7441,LU135,2.705177,SCLC,1.441211
1643,NVP-ADW742,LU135,1.953770,SCLC,0.871920
1644,Navitoclax,LU135,-0.576118,SCLC,-2.220102
1645,Nilotinib,LU135,2.588542,SCLC,2.260903
1646,Niraparib,LU135,3.816817,SCLC,4.574437
1647,Nutlin-3a (-),LU135,4.616747,SCLC,4.251637
1648,OF-1,LU135,3.924425,SCLC,4.661212
1649,OSI-027,LU135,3.035862,SCLC,3.036503
1650,OTX015,LU135,2.487402,SCLC,2.535247
1651,Olaparib,LU135,3.557372,SCLC,3.561588
1652,Osimertinib,LU135,1.650137,SCLC,2.726514
1653,Oxaliplatin,LU135,3.085357,SCLC,3.924089
1654,P22077,LU135,3.205255,SCLC,2.921859
1655,PCI-34051,LU135,3.946568,SCLC,4.271663
1656,PD173074,LU135,3.929905,SCLC,3.385420
1657,PFI-1,LU135,4.023733,SCLC,3.901055
1658,PFI3,LU135,5.088056,SCLC,5.367152
1659,PLX-4720,LU135,4.133049,SCLC,5.246761
1660,PRIMA-1MET,LU135,2.996276,SCLC,5.059332
1661,PRT062607,LU135,3.034113,SCLC,3.042627
1662,Paclitaxel,LU135,-3.727004,SCLC,-4.150478
1663,Palbociclib,LU135,3.623863,SCLC,3.744968
1664,Pevonedistat,LU135,0.294240,SCLC,0.512541
1665,Picolinici-acid,LU135,4.901908,SCLC,5.347283
1666,Pictilisib,LU135,1.346764,SCLC,1.470486
1667,RO-3306,LU135,2.192932,SCLC,1.777755
1668,RVX-208,LU135,4.621418,SCLC,5.338233
1669,Ribociclib,LU135,3.936322,SCLC,2.458082
1670,Rucaparib,LU135,3.679478,SCLC,2.857536
1671,Ruxolitinib,LU135,4.800433,SCLC,5.310197
1672,SB216763,LU135,4.971483,SCLC,3.931214
1673,SB590885,LU135,4.497021,SCLC,2.775631
1674,SGC0946,LU135,2.194895,SCLC,2.099638
1675,SN-38,LU135,-5.197286,SCLC,-4.976839
1676,Sabutoclax,LU135,-0.730799,SCLC,-0.950949
1677,Sapitinib,LU135,4.482572,SCLC,4.788710
1678,Savolitinib,LU135,2.417912,SCLC,2.591407
1679,Sepantronium bromide,LU135,-4.750863,SCLC,-4.840072
1680,Serdemetan,LU135,3.649664,SCLC,2.599354
1681,Sorafenib,LU135,2.116830,SCLC,2.201462
1682,Staurosporine,LU135,-2.328225,SCLC,-3.319320
1683,Talazoparib,LU135,0.927084,SCLC,2.696325
1684,Tamoxifen,LU135,3.828568,SCLC,3.937003
1685,Tanespimycin,LU135,1.246930,SCLC,-0.829399
1686,Taselisib,LU135,1.513025,SCLC,2.158213
1687,Telomerase Inhibitor IX,LU135,0.219436,SCLC,0.500292
1688,Temozolomide,LU135,6.266993,SCLC,4.954497
1689,Temsirolimus,LU135,1.797027,SCLC,1.742548
1690,Ulixertinib,LU135,3.284743,SCLC,2.936494
1691,Uprosertib,LU135,1.764172,SCLC,2.523230
1692,VE-822,LU135,3.061304,SCLC,3.734683
1693,Veliparib,LU135,4.961327,SCLC,4.741478
1694,Venetoclax,LU135,1.213508,SCLC,3.063932
1695,Vismodegib,LU135,4.696071,SCLC,4.341001
1696,Vorinostat,LU135,0.924265,SCLC,0.686544
1697,WEHI-539,LU135,1.842849,SCLC,-1.485386
1698,WIKI4,LU135,3.804301,SCLC,3.278790
1699,WZ4003,LU135,4.258126,SCLC,3.542809
1700,Wnt-C59,LU135,4.337526,SCLC,5.237092
1701,XAV939,LU135,4.385235,SCLC,5.333317
1702,YK-4-279,LU135,1.484998,SCLC,2.417311
1703,ZM447439,LU135,1.096653,SCLC,-0.213013
