drug,cell_line,prediction,OncotreeCode,IC50
5-Fluorouracil,HCC827,5.472933,LUAD,5.191741
ABT737,HCC827,2.832198,LUAD,4.389625
AGI-5198,HCC827,5.063128,LUAD,5.698307
AGI-6780,HCC827,4.925839,LUAD,5.258638
AGK2,HCC827,3.713538,LUAD,4.342128
AZ960,HCC827,2.323411,LUAD,5.047218
AZD3759,HCC827,2.359838,LUAD,-2.602837
AZD4547,HCC827,3.879657,LUAD,3.380675
AZD5363,HCC827,3.367161,LUAD,4.219376
AZD5582,HCC827,1.523502,LUAD,2.972299
AZD6738,HCC827,2.339456,LUAD,2.491286
AZD7762,HCC827,0.612362,LUAD,-0.259637
AZD8186,HCC827,3.186983,LUAD,2.968449
Afatinib,HCC827,0.854371,LUAD,-3.935928
Afuresertib,HCC827,3.461856,LUAD,4.136904
Alpelisib,HCC827,3.738944,LUAD,4.250128
Avagacestat,HCC827,5.425638,LUAD,5.974605
Axitinib,HCC827,4.202879,LUAD,4.678995
BMS-345541,HCC827,3.760483,LUAD,4.410972
BMS-536924,HCC827,2.064626,LUAD,2.067005
BMS-754807,HCC827,3.205099,LUAD,4.120546
Bortezomib,HCC827,-4.627317,LUAD,-4.751015
Bosutinib,HCC827,2.845362,LUAD,-0.149514
Buparlisib,HCC827,1.526273,LUAD,1.703575
CCT007093,HCC827,5.527743,LUAD,5.944281
CZC24832,HCC827,5.534224,LUAD,5.523252
Camptothecin,HCC827,-0.801389,LUAD,-0.321596
Cediranib,HCC827,2.275009,LUAD,0.034428
Crizotinib,HCC827,3.750266,LUAD,3.554618
Cyclophosphamide,HCC827,5.948666,LUAD,7.068307
Dactinomycin,HCC827,-2.756037,LUAD,-3.509835
Dactolisib,HCC827,-1.633770,LUAD,-0.743924
Dasatinib,HCC827,-0.774151,LUAD,-1.569385
Dinaciclib,HCC827,-2.033325,LUAD,-3.045723
Docetaxel,HCC827,-2.018757,LUAD,-0.806449
Doramapimod,HCC827,5.949734,LUAD,6.395796
EHT-1864,HCC827,4.172162,LUAD,4.657623
EPZ004777,HCC827,6.134833,LUAD,5.774092
EPZ5676,HCC827,6.318112,LUAD,5.850756
Entinostat,HCC827,2.765834,LUAD,-0.061344
Entospletinib,HCC827,3.375589,LUAD,5.248491
Epirubicin,HCC827,0.304990,LUAD,0.302015
Erlotinib,HCC827,3.097792,LUAD,-2.707414
Fulvestrant,HCC827,4.062886,LUAD,4.347685
GDC0810,HCC827,5.402215,LUAD,6.591395
GSK1904529A,HCC827,4.860305,LUAD,4.790134
GSK2578215A,HCC827,5.398886,LUAD,6.097336
GSK2606414,HCC827,4.075815,LUAD,3.852861
GSK343,HCC827,3.967463,LUAD,3.689302
GW441756,HCC827,3.625226,LUAD,4.333161
Gefitinib,HCC827,3.107241,LUAD,-2.738697
Gemcitabine,HCC827,2.321117,LUAD,2.488382
I-BET-762,HCC827,3.857557,LUAD,4.108792
I-BRD9,HCC827,5.036364,LUAD,7.025837
IWP-2,HCC827,3.553622,LUAD,1.912871
Ibrutinib,HCC827,4.332160,LUAD,4.930049
Ipatasertib,HCC827,4.772552,LUAD,4.428936
Irinotecan,HCC827,4.267455,LUAD,4.133260
JNK Inhibitor VIII,HCC827,6.034419,LUAD,6.470210
JQ1,HCC827,2.832916,LUAD,3.797048
KRAS (G12C) Inhibitor-12,HCC827,5.146334,LUAD,5.936296
KU-55933,HCC827,5.407267,LUAD,6.402763
LCL161,HCC827,5.049878,LUAD,4.128870
LGK974,HCC827,4.729122,LUAD,4.241947
LY2109761,HCC827,5.532507,LUAD,5.333651
Lapatinib,HCC827,3.207242,LUAD,1.139135
Leflunomide,HCC827,5.289980,LUAD,5.431557
Lenalidomide,HCC827,5.858749,LUAD,6.196843
Lestaurtinib,HCC827,1.219460,LUAD,0.150939
Linsitinib,HCC827,4.279831,LUAD,5.207676
Luminespib,HCC827,-1.323276,LUAD,-1.178819
MG-132,HCC827,-1.351936,LUAD,-1.488899
MIRA-1,HCC827,6.042000,LUAD,7.490160
MK-1775,HCC827,1.006748,LUAD,0.629055
MK-2206,HCC827,3.514735,LUAD,3.571288
ML323,HCC827,5.090003,LUAD,5.843242
MN-64,HCC827,5.017004,LUAD,5.909207
Mirin,HCC827,5.455935,LUAD,4.332144
Motesanib,HCC827,6.298216,LUAD,6.600753
NU7441,HCC827,3.869419,LUAD,3.533807
NVP-ADW742,HCC827,2.969955,LUAD,3.899977
Navitoclax,HCC827,2.815658,LUAD,3.326192
Nilotinib,HCC827,4.126923,LUAD,5.265869
Niraparib,HCC827,5.142127,LUAD,5.389704
Nutlin-3a (-),HCC827,5.914994,LUAD,6.196977
OF-1,HCC827,5.132560,LUAD,3.666942
OSI-027,HCC827,2.469284,LUAD,2.338258
OTX015,HCC827,2.157932,LUAD,6.368497
Olaparib,HCC827,4.871305,LUAD,4.128216
Osimertinib,HCC827,1.613732,LUAD,-3.593735
Oxaliplatin,HCC827,5.771776,LUAD,5.573582
P22077,HCC827,5.179766,LUAD,3.348494
PCI-34051,HCC827,5.013659,LUAD,6.527695
PD0325901,HCC827,0.875803,LUAD,3.312647
PD173074,HCC827,4.359511,LUAD,4.979329
PFI-1,HCC827,4.368020,LUAD,4.923893
PFI3,HCC827,5.753584,LUAD,6.165112
PLX-4720,HCC827,4.956226,LUAD,3.303863
PRIMA-1MET,HCC827,5.065796,LUAD,6.004583
PRT062607,HCC827,3.777049,LUAD,4.610552
Paclitaxel,HCC827,-1.962201,LUAD,-0.057143
Palbociclib,HCC827,4.042367,LUAD,6.131633
Pevonedistat,HCC827,2.030622,LUAD,2.320720
Picolinici-acid,HCC827,5.634407,LUAD,5.621263
Pictilisib,HCC827,1.365342,LUAD,1.080641
RO-3306,HCC827,4.735157,LUAD,6.559052
RVX-208,HCC827,5.337145,LUAD,6.349175
Refametinib,HCC827,1.647788,LUAD,2.633088
Ribociclib,HCC827,4.260665,LUAD,5.297790
Rucaparib,HCC827,4.737974,LUAD,3.376308
Ruxolitinib,HCC827,5.759459,LUAD,3.707325
SB216763,HCC827,5.499390,LUAD,5.519993
SB590885,HCC827,4.617467,LUAD,5.632307
SCH772984,HCC827,2.462183,LUAD,1.519828
SGC0946,HCC827,2.599342,LUAD,2.557969
SN-38,HCC827,3.437464,LUAD,-0.430806
Sabutoclax,HCC827,0.810162,LUAD,-1.225513
Savolitinib,HCC827,3.184423,LUAD,4.425659
Selumetinib,HCC827,3.979364,LUAD,3.196617
Sepantronium bromide,HCC827,-5.029774,LUAD,-4.616246
Serdemetan,HCC827,4.497422,LUAD,3.948380
Sorafenib,HCC827,3.293330,LUAD,3.868251
Staurosporine,HCC827,-2.532873,LUAD,-1.467606
Talazoparib,HCC827,4.578629,LUAD,5.426588
Tamoxifen,HCC827,4.185057,LUAD,4.133604
Tanespimycin,HCC827,-0.081535,LUAD,1.484273
Taselisib,HCC827,1.983337,LUAD,1.636005
Telomerase Inhibitor IX,HCC827,1.452784,LUAD,2.288275
Temozolomide,HCC827,7.377537,LUAD,7.065678
Trametinib,HCC827,-0.291217,LUAD,2.250742
Ulixertinib,HCC827,2.831732,LUAD,4.952170
Uprosertib,HCC827,4.230968,LUAD,4.478582
VE-822,HCC827,3.638345,LUAD,5.554657
Veliparib,HCC827,5.734381,LUAD,6.252406
Venetoclax,HCC827,3.497821,LUAD,4.727563
Vismodegib,HCC827,5.575633,LUAD,6.367726
Vorinostat,HCC827,2.627830,LUAD,2.554634
WEHI-539,HCC827,4.328659,LUAD,4.807175
WIKI4,HCC827,3.745811,LUAD,4.142310
WZ4003,HCC827,3.928654,LUAD,3.106007
Wnt-C59,HCC827,4.948004,LUAD,3.909002
XAV939,HCC827,4.510709,LUAD,3.172621
YK-4-279,HCC827,3.726754,LUAD,4.201303
ZM447439,HCC827,3.105904,LUAD,3.100615
5-Fluorouracil,PC14,5.870763,LUAD,4.138791
ABT737,PC14,2.635267,LUAD,2.341568
AGI-5198,PC14,4.940324,LUAD,5.232588
AGI-6780,PC14,4.966678,LUAD,5.228069
AGK2,PC14,3.288974,LUAD,3.164392
AZ960,PC14,2.711848,LUAD,0.918031
AZD3759,PC14,2.689164,LUAD,-2.405717
AZD4547,PC14,3.476127,LUAD,3.271007
AZD5363,PC14,3.110197,LUAD,2.547060
AZD5582,PC14,2.843658,LUAD,1.962066
AZD6738,PC14,2.439330,LUAD,0.899934
AZD7762,PC14,0.452404,LUAD,-1.078449
AZD8186,PC14,3.082723,LUAD,3.333335
Afatinib,PC14,1.417494,LUAD,-3.530785
Afuresertib,PC14,2.627022,LUAD,2.237580
Alpelisib,PC14,3.331055,LUAD,3.652979
Avagacestat,PC14,5.560428,LUAD,5.539423
Axitinib,PC14,3.567181,LUAD,3.249825
BMS-345541,PC14,4.405455,LUAD,2.735978
BMS-536924,PC14,2.353715,LUAD,1.121395
BMS-754807,PC14,2.074306,LUAD,3.205969
Bortezomib,PC14,-4.995444,LUAD,-4.628624
Bosutinib,PC14,3.049813,LUAD,-0.704709
Buparlisib,PC14,1.555242,LUAD,0.876990
CCT007093,PC14,5.527898,LUAD,5.420619
CZC24832,PC14,5.482068,LUAD,5.927456
Camptothecin,PC14,-0.938768,LUAD,-2.260841
Cediranib,PC14,2.492771,LUAD,0.280926
Crizotinib,PC14,3.678370,LUAD,1.965356
Cyclophosphamide,PC14,5.604364,LUAD,6.285854
Dactinomycin,PC14,-3.281835,LUAD,-3.292126
Dactolisib,PC14,-1.493840,LUAD,-2.311859
Dasatinib,PC14,0.738413,LUAD,-1.950497
Dinaciclib,PC14,-2.443263,LUAD,-3.640036
Docetaxel,PC14,-4.400187,LUAD,-5.037010
Doramapimod,PC14,5.717210,LUAD,4.747444
EHT-1864,PC14,3.845522,LUAD,3.722729
EPZ004777,PC14,5.806535,LUAD,5.557169
EPZ5676,PC14,6.033854,LUAD,6.716941
Entinostat,PC14,2.993201,LUAD,1.382918
Entospletinib,PC14,4.049235,LUAD,2.503902
Epirubicin,PC14,0.222619,LUAD,-0.498431
Erlotinib,PC14,2.967352,LUAD,-2.165833
Fulvestrant,PC14,3.901155,LUAD,4.693725
GDC0810,PC14,5.478191,LUAD,5.259641
GSK1904529A,PC14,4.417759,LUAD,4.594172
GSK2578215A,PC14,5.522239,LUAD,5.412372
GSK2606414,PC14,4.276649,LUAD,3.455609
GSK343,PC14,3.835005,LUAD,3.482147
GW441756,PC14,3.314250,LUAD,4.247110
Gefitinib,PC14,3.490118,LUAD,-1.397133
Gemcitabine,PC14,2.719152,LUAD,-1.300914
I-BET-762,PC14,4.769421,LUAD,4.243052
I-BRD9,PC14,5.294026,LUAD,5.212693
IWP-2,PC14,3.220931,LUAD,3.701118
Ibrutinib,PC14,4.672109,LUAD,-0.027766
Ipatasertib,PC14,3.682705,LUAD,2.986795
Irinotecan,PC14,3.930272,LUAD,2.992119
JNK Inhibitor VIII,PC14,5.633539,LUAD,5.603030
JQ1,PC14,3.353451,LUAD,3.260705
KRAS (G12C) Inhibitor-12,PC14,5.206184,LUAD,3.515464
KU-55933,PC14,5.249690,LUAD,6.780180
LCL161,PC14,5.378283,LUAD,4.973770
LGK974,PC14,4.400013,LUAD,4.078761
LY2109761,PC14,5.761133,LUAD,4.690283
Lapatinib,PC14,2.493288,LUAD,0.498939
Leflunomide,PC14,5.282102,LUAD,5.554370
Lenalidomide,PC14,5.625075,LUAD,6.977512
Lestaurtinib,PC14,1.303786,LUAD,-1.406138
Linsitinib,PC14,4.209083,LUAD,4.590801
Luminespib,PC14,-1.097180,LUAD,-3.585377
MG-132,PC14,-1.388982,LUAD,-1.146146
MIRA-1,PC14,6.033752,LUAD,6.455351
MK-1775,PC14,0.563972,LUAD,-1.029369
MK-2206,PC14,3.337335,LUAD,2.558908
ML323,PC14,4.847605,LUAD,4.244610
MN-64,PC14,4.926050,LUAD,6.129964
Mirin,PC14,5.651090,LUAD,4.978771
Motesanib,PC14,6.154028,LUAD,7.156553
NU7441,PC14,3.773527,LUAD,3.187732
NVP-ADW742,PC14,3.075143,LUAD,2.746289
Navitoclax,PC14,2.617806,LUAD,4.962459
Nilotinib,PC14,4.582771,LUAD,3.915461
Niraparib,PC14,5.072393,LUAD,4.427267
Nutlin-3a (-),PC14,6.243490,LUAD,5.514282
OF-1,PC14,4.678375,LUAD,3.795572
OSI-027,PC14,2.966609,LUAD,3.290964
OTX015,PC14,3.784065,LUAD,3.147328
Olaparib,PC14,4.988499,LUAD,4.303406
Osimertinib,PC14,1.406334,LUAD,-3.304462
Oxaliplatin,PC14,5.827568,LUAD,5.500469
P22077,PC14,4.910491,LUAD,6.254025
PCI-34051,PC14,5.132931,LUAD,5.159949
PD0325901,PC14,2.556559,LUAD,0.810648
PD173074,PC14,4.574629,LUAD,3.861776
PFI-1,PC14,4.633108,LUAD,5.549546
PFI3,PC14,5.575818,LUAD,6.910740
PLX-4720,PC14,4.809005,LUAD,4.082857
PRIMA-1MET,PC14,6.092162,LUAD,6.120827
PRT062607,PC14,4.041547,LUAD,2.003212
Paclitaxel,PC14,-3.582581,LUAD,-4.324666
Palbociclib,PC14,4.559023,LUAD,3.797205
Pevonedistat,PC14,1.374823,LUAD,1.391274
Picolinici-acid,PC14,5.462047,LUAD,6.493716
Pictilisib,PC14,0.907731,LUAD,1.123065
RO-3306,PC14,4.567010,LUAD,3.365589
RVX-208,PC14,5.524518,LUAD,6.546117
Refametinib,PC14,2.779993,LUAD,1.632968
Ribociclib,PC14,4.415998,LUAD,4.220373
Rucaparib,PC14,4.649011,LUAD,4.241976
Ruxolitinib,PC14,5.325128,LUAD,3.816596
SB216763,PC14,5.383728,LUAD,6.354427
SB590885,PC14,4.812645,LUAD,6.795044
SCH772984,PC14,3.162823,LUAD,2.200315
SGC0946,PC14,2.222808,LUAD,3.162286
SN-38,PC14,-0.252739,LUAD,-2.859507
Sabutoclax,PC14,0.871193,LUAD,-0.551162
Savolitinib,PC14,2.849757,LUAD,3.935786
Selumetinib,PC14,4.804475,LUAD,3.661364
Sepantronium bromide,PC14,-4.253401,LUAD,-4.080156
Serdemetan,PC14,4.265546,LUAD,2.737100
Sorafenib,PC14,3.086861,LUAD,2.915158
Staurosporine,PC14,-2.636015,LUAD,-4.374277
Talazoparib,PC14,4.611552,LUAD,3.008351
Tamoxifen,PC14,4.080289,LUAD,4.925683
Tanespimycin,PC14,0.356168,LUAD,-2.585902
Taselisib,PC14,1.494662,LUAD,1.910559
Telomerase Inhibitor IX,PC14,1.902768,LUAD,1.384488
Temozolomide,PC14,7.309202,LUAD,6.866748
Trametinib,PC14,0.830870,LUAD,-0.296010
Ulixertinib,PC14,3.097648,LUAD,2.609317
Uprosertib,PC14,3.775377,LUAD,2.151562
VE-822,PC14,3.559473,LUAD,1.234501
Veliparib,PC14,5.673150,LUAD,7.083729
Venetoclax,PC14,3.105272,LUAD,2.101849
Vismodegib,PC14,5.484967,LUAD,5.228461
Vorinostat,PC14,2.259030,LUAD,1.429570
WEHI-539,PC14,4.074130,LUAD,4.853437
WIKI4,PC14,4.012195,LUAD,3.392275
WZ4003,PC14,4.586646,LUAD,3.786859
Wnt-C59,PC14,4.422963,LUAD,4.343303
XAV939,PC14,4.792455,LUAD,4.803742
YK-4-279,PC14,2.862487,LUAD,1.433698
ZM447439,PC14,3.060148,LUAD,1.838791
5-Fluorouracil,RERFLCSQ1,4.857307,LUSC,3.526070
ABT737,RERFLCSQ1,2.684094,LUSC,2.578252
AGI-5198,RERFLCSQ1,4.826415,LUSC,5.229365
AGI-6780,RERFLCSQ1,4.462158,LUSC,4.054786
AGK2,RERFLCSQ1,3.176969,LUSC,3.154074
AZ960,RERFLCSQ1,1.054470,LUSC,3.777140
AZD3759,RERFLCSQ1,2.638169,LUSC,0.682549
AZD4547,RERFLCSQ1,2.874094,LUSC,2.543670
AZD5363,RERFLCSQ1,1.700078,LUSC,1.051042
AZD5582,RERFLCSQ1,1.680095,LUSC,4.830349
AZD6738,RERFLCSQ1,1.950278,LUSC,1.387042
AZD7762,RERFLCSQ1,-0.407907,LUSC,0.099105
AZD8186,RERFLCSQ1,2.265860,LUSC,3.674451
Afatinib,RERFLCSQ1,1.475280,LUSC,-0.950875
Afuresertib,RERFLCSQ1,1.170905,LUSC,0.247026
Alpelisib,RERFLCSQ1,2.304440,LUSC,1.567497
Avagacestat,RERFLCSQ1,4.816413,LUSC,5.147388
Axitinib,RERFLCSQ1,2.658857,LUSC,3.429410
BMS-345541,RERFLCSQ1,2.569526,LUSC,3.699625
BMS-536924,RERFLCSQ1,1.334821,LUSC,2.683944
BMS-754807,RERFLCSQ1,1.596600,LUSC,1.748843
Bortezomib,RERFLCSQ1,-5.545597,LUSC,-4.565559
Bosutinib,RERFLCSQ1,2.316781,LUSC,1.716678
Buparlisib,RERFLCSQ1,0.614574,LUSC,0.858709
CCT007093,RERFLCSQ1,4.857994,LUSC,5.255356
CZC24832,RERFLCSQ1,4.860259,LUSC,5.515069
Camptothecin,RERFLCSQ1,-1.185596,LUSC,-0.994550
Cediranib,RERFLCSQ1,1.573967,LUSC,1.821701
Crizotinib,RERFLCSQ1,2.213271,LUSC,2.517135
Cyclophosphamide,RERFLCSQ1,5.115000,LUSC,5.878808
Dactinomycin,RERFLCSQ1,-3.819932,LUSC,-3.283235
Dactolisib,RERFLCSQ1,-2.873784,LUSC,-2.353061
Dasatinib,RERFLCSQ1,-1.987609,LUSC,1.628523
Dinaciclib,RERFLCSQ1,-3.368574,LUSC,-2.038384
Docetaxel,RERFLCSQ1,-4.851407,LUSC,-4.798918
Doramapimod,RERFLCSQ1,4.912442,LUSC,5.877983
EHT-1864,RERFLCSQ1,3.808006,LUSC,5.914628
EPZ004777,RERFLCSQ1,5.211786,LUSC,5.875940
EPZ5676,RERFLCSQ1,5.333741,LUSC,6.246232
Entinostat,RERFLCSQ1,2.382380,LUSC,2.649934
Entospletinib,RERFLCSQ1,3.152581,LUSC,3.983810
Epirubicin,RERFLCSQ1,-0.626035,LUSC,-0.180511
Erlotinib,RERFLCSQ1,3.283041,LUSC,0.556387
Fulvestrant,RERFLCSQ1,3.542340,LUSC,4.204414
GDC0810,RERFLCSQ1,4.967330,LUSC,5.932816
GSK1904529A,RERFLCSQ1,4.095244,LUSC,5.122826
GSK2578215A,RERFLCSQ1,4.805118,LUSC,5.866378
GSK2606414,RERFLCSQ1,3.622817,LUSC,3.233232
GSK343,RERFLCSQ1,3.393343,LUSC,3.820276
GW441756,RERFLCSQ1,3.134912,LUSC,4.012145
Gefitinib,RERFLCSQ1,3.715508,LUSC,0.354595
Gemcitabine,RERFLCSQ1,1.220028,LUSC,-1.270373
I-BET-762,RERFLCSQ1,2.760225,LUSC,5.696926
I-BRD9,RERFLCSQ1,4.304925,LUSC,4.125684
IWP-2,RERFLCSQ1,2.784642,LUSC,3.578852
Ibrutinib,RERFLCSQ1,4.400517,LUSC,2.761284
Ipatasertib,RERFLCSQ1,2.989543,LUSC,1.191172
Irinotecan,RERFLCSQ1,3.216620,LUSC,3.420275
JNK Inhibitor VIII,RERFLCSQ1,4.921141,LUSC,5.587307
JQ1,RERFLCSQ1,1.539105,LUSC,1.472571
KRAS (G12C) Inhibitor-12,RERFLCSQ1,4.629019,LUSC,4.632554
KU-55933,RERFLCSQ1,4.702145,LUSC,5.791557
LCL161,RERFLCSQ1,4.697269,LUSC,3.748518
LGK974,RERFLCSQ1,4.511789,LUSC,5.081440
LY2109761,RERFLCSQ1,4.716929,LUSC,5.837341
Lapatinib,RERFLCSQ1,2.698871,LUSC,0.922540
Leflunomide,RERFLCSQ1,5.019767,LUSC,5.847153
Lenalidomide,RERFLCSQ1,5.236298,LUSC,5.882990
Lestaurtinib,RERFLCSQ1,0.035945,LUSC,1.233787
Linsitinib,RERFLCSQ1,4.186407,LUSC,4.712139
Luminespib,RERFLCSQ1,-2.969835,LUSC,0.734075
MG-132,RERFLCSQ1,-1.665197,LUSC,-1.250346
MIRA-1,RERFLCSQ1,5.343939,LUSC,5.970787
MK-1775,RERFLCSQ1,-0.032260,LUSC,-0.023904
MK-2206,RERFLCSQ1,2.246070,LUSC,1.444058
ML323,RERFLCSQ1,4.570127,LUSC,5.675728
MN-64,RERFLCSQ1,4.235564,LUSC,4.936967
Mirin,RERFLCSQ1,4.716145,LUSC,4.907940
Motesanib,RERFLCSQ1,5.398672,LUSC,5.254758
NU7441,RERFLCSQ1,2.206861,LUSC,1.932448
NVP-ADW742,RERFLCSQ1,2.028041,LUSC,2.063317
Navitoclax,RERFLCSQ1,2.528009,LUSC,3.025047
Nilotinib,RERFLCSQ1,3.090999,LUSC,4.537594
Niraparib,RERFLCSQ1,4.610546,LUSC,4.881429
Nutlin-3a (-),RERFLCSQ1,4.807661,LUSC,4.731550
OF-1,RERFLCSQ1,4.566142,LUSC,4.297170
OSI-027,RERFLCSQ1,2.068642,LUSC,3.742476
OTX015,RERFLCSQ1,1.806108,LUSC,3.386668
Olaparib,RERFLCSQ1,4.606164,LUSC,4.994994
Osimertinib,RERFLCSQ1,1.884604,LUSC,-0.187819
Oxaliplatin,RERFLCSQ1,4.722940,LUSC,4.712497
P22077,RERFLCSQ1,4.638803,LUSC,5.907444
PCI-34051,RERFLCSQ1,4.439216,LUSC,5.312894
PD0325901,RERFLCSQ1,2.521389,LUSC,0.167337
PD173074,RERFLCSQ1,3.192805,LUSC,2.478187
PFI-1,RERFLCSQ1,4.128468,LUSC,4.695250
PFI3,RERFLCSQ1,5.208830,LUSC,5.095948
PLX-4720,RERFLCSQ1,4.227364,LUSC,5.086996
PRIMA-1MET,RERFLCSQ1,3.665770,LUSC,6.074301
PRT062607,RERFLCSQ1,2.445241,LUSC,4.564106
Paclitaxel,RERFLCSQ1,-3.680733,LUSC,-3.293134
Palbociclib,RERFLCSQ1,3.660671,LUSC,2.131303
Pevonedistat,RERFLCSQ1,0.935154,LUSC,-0.682818
Picolinici-acid,RERFLCSQ1,5.135909,LUSC,4.781771
Pictilisib,RERFLCSQ1,0.217470,LUSC,0.416347
RO-3306,RERFLCSQ1,3.131492,LUSC,2.871785
RVX-208,RERFLCSQ1,4.675989,LUSC,5.676096
Refametinib,RERFLCSQ1,2.549062,LUSC,1.411019
Ribociclib,RERFLCSQ1,3.435569,LUSC,2.816077
Rucaparib,RERFLCSQ1,4.176669,LUSC,5.242131
Ruxolitinib,RERFLCSQ1,4.712678,LUSC,5.344052
SB216763,RERFLCSQ1,4.919888,LUSC,5.734580
SB590885,RERFLCSQ1,4.454077,LUSC,5.243960
SCH772984,RERFLCSQ1,2.614026,LUSC,0.980463
SGC0946,RERFLCSQ1,2.217988,LUSC,2.645602
SN-38,RERFLCSQ1,-1.349728,LUSC,3.526117
Sabutoclax,RERFLCSQ1,-0.127294,LUSC,0.753574
Savolitinib,RERFLCSQ1,2.375322,LUSC,3.069280
Selumetinib,RERFLCSQ1,4.311419,LUSC,3.005874
Sepantronium bromide,RERFLCSQ1,-4.131554,LUSC,-1.605330
Serdemetan,RERFLCSQ1,3.658311,LUSC,3.167339
Sorafenib,RERFLCSQ1,2.856143,LUSC,2.651752
Staurosporine,RERFLCSQ1,-4.404488,LUSC,-2.081987
Talazoparib,RERFLCSQ1,3.701550,LUSC,3.295370
Tamoxifen,RERFLCSQ1,3.340740,LUSC,3.832875
Tanespimycin,RERFLCSQ1,-1.201544,LUSC,-1.807295
Taselisib,RERFLCSQ1,1.078303,LUSC,-1.254731
Telomerase Inhibitor IX,RERFLCSQ1,0.983066,LUSC,2.289439
Temozolomide,RERFLCSQ1,6.435134,LUSC,6.555498
Trametinib,RERFLCSQ1,0.761420,LUSC,-2.382050
Ulixertinib,RERFLCSQ1,2.716741,LUSC,1.469542
Uprosertib,RERFLCSQ1,1.760392,LUSC,0.306266
VE-822,RERFLCSQ1,3.258137,LUSC,1.968383
Veliparib,RERFLCSQ1,5.026252,LUSC,5.843134
Venetoclax,RERFLCSQ1,2.794315,LUSC,4.278530
Vismodegib,RERFLCSQ1,4.848387,LUSC,5.673349
Vorinostat,RERFLCSQ1,1.636021,LUSC,2.167727
WEHI-539,RERFLCSQ1,4.056453,LUSC,6.007125
WIKI4,RERFLCSQ1,3.564968,LUSC,4.432891
WZ4003,RERFLCSQ1,3.901976,LUSC,3.178065
Wnt-C59,RERFLCSQ1,4.131206,LUSC,4.864511
XAV939,RERFLCSQ1,4.395066,LUSC,5.287106
YK-4-279,RERFLCSQ1,1.817331,LUSC,3.224404
ZM447439,RERFLCSQ1,2.273260,LUSC,2.553715
5-Fluorouracil,NCIH2228,4.467947,LUAD,4.904895
ABT737,NCIH2228,2.997342,LUAD,4.416044
AGI-5198,NCIH2228,4.933392,LUAD,5.462832
AGI-6780,NCIH2228,4.826574,LUAD,4.892088
AGK2,NCIH2228,3.495374,LUAD,3.043743
AZ960,NCIH2228,2.415889,LUAD,0.947764
AZD3759,NCIH2228,2.249098,LUAD,4.105970
AZD4547,NCIH2228,3.979157,LUAD,4.635637
AZD5363,NCIH2228,3.056600,LUAD,3.564246
AZD5582,NCIH2228,3.195711,LUAD,3.292899
AZD6738,NCIH2228,2.295603,LUAD,3.493801
AZD7762,NCIH2228,0.459294,LUAD,0.326371
AZD8186,NCIH2228,2.872191,LUAD,3.067852
Afatinib,NCIH2228,0.878386,LUAD,2.361375
Afuresertib,NCIH2228,2.468674,LUAD,2.300677
Alpelisib,NCIH2228,3.380883,LUAD,2.672479
Avagacestat,NCIH2228,5.277632,LUAD,5.196229
Axitinib,NCIH2228,4.044765,LUAD,3.908777
BMS-345541,NCIH2228,3.588760,LUAD,3.281385
BMS-536924,NCIH2228,2.043284,LUAD,0.126029
BMS-754807,NCIH2228,2.309340,LUAD,0.775757
Bortezomib,NCIH2228,-4.534986,LUAD,-4.087580
Bosutinib,NCIH2228,3.229998,LUAD,3.344930
Buparlisib,NCIH2228,1.023616,LUAD,1.230570
CCT007093,NCIH2228,5.498996,LUAD,5.465178
CZC24832,NCIH2228,5.429813,LUAD,6.807508
Camptothecin,NCIH2228,-2.354717,LUAD,-2.711762
Cediranib,NCIH2228,2.407251,LUAD,3.688734
Crizotinib,NCIH2228,3.437839,LUAD,1.171639
Cyclophosphamide,NCIH2228,5.895885,LUAD,6.757413
Dactinomycin,NCIH2228,-3.400547,LUAD,-2.354451
Dactolisib,NCIH2228,-1.785635,LUAD,-1.792299
Dasatinib,NCIH2228,1.052834,LUAD,1.621318
Dinaciclib,NCIH2228,-2.454620,LUAD,-1.086308
Docetaxel,NCIH2228,-3.116068,LUAD,-2.456433
Doramapimod,NCIH2228,6.241465,LUAD,5.044137
EHT-1864,NCIH2228,4.329855,LUAD,4.915289
EPZ004777,NCIH2228,6.090219,LUAD,6.539126
EPZ5676,NCIH2228,6.250471,LUAD,5.639817
Entinostat,NCIH2228,2.856794,LUAD,2.615521
Entospletinib,NCIH2228,3.724612,LUAD,3.981642
Epirubicin,NCIH2228,-0.295046,LUAD,0.051804
Erlotinib,NCIH2228,3.343516,LUAD,3.922373
Fulvestrant,NCIH2228,4.382209,LUAD,5.237126
GDC0810,NCIH2228,5.605080,LUAD,6.455080
GSK1904529A,NCIH2228,5.052296,LUAD,4.833312
GSK2578215A,NCIH2228,5.516467,LUAD,5.367241
GSK2606414,NCIH2228,4.069577,LUAD,3.808508
GSK343,NCIH2228,3.962639,LUAD,5.586038
GW441756,NCIH2228,3.584925,LUAD,3.250814
Gefitinib,NCIH2228,3.486215,LUAD,4.025381
Gemcitabine,NCIH2228,-1.084672,LUAD,-1.374019
I-BET-762,NCIH2228,3.693230,LUAD,4.417057
I-BRD9,NCIH2228,4.813206,LUAD,5.847830
IWP-2,NCIH2228,3.290418,LUAD,2.450147
Ibrutinib,NCIH2228,4.509190,LUAD,6.274045
Ipatasertib,NCIH2228,4.186202,LUAD,3.528272
Irinotecan,NCIH2228,2.273782,LUAD,2.251944
JNK Inhibitor VIII,NCIH2228,5.658438,LUAD,6.052156
JQ1,NCIH2228,2.680555,LUAD,2.886159
KRAS (G12C) Inhibitor-12,NCIH2228,5.278271,LUAD,7.582933
KU-55933,NCIH2228,5.550330,LUAD,5.841444
LCL161,NCIH2228,5.185070,LUAD,3.719470
LGK974,NCIH2228,4.721803,LUAD,4.438999
LY2109761,NCIH2228,5.724422,LUAD,6.644155
Lapatinib,NCIH2228,3.350971,LUAD,5.309039
Leflunomide,NCIH2228,5.296788,LUAD,5.247231
Lenalidomide,NCIH2228,5.968902,LUAD,6.683006
Lestaurtinib,NCIH2228,0.946861,LUAD,0.996595
Linsitinib,NCIH2228,4.701221,LUAD,2.587034
Luminespib,NCIH2228,-2.434988,LUAD,-1.997614
MG-132,NCIH2228,-1.452984,LUAD,-0.048894
MIRA-1,NCIH2228,6.098174,LUAD,7.064502
MK-1775,NCIH2228,0.668641,LUAD,0.954340
MK-2206,NCIH2228,3.015847,LUAD,1.712131
ML323,NCIH2228,5.091005,LUAD,6.880016
MN-64,NCIH2228,4.942693,LUAD,4.399393
Mirin,NCIH2228,5.199571,LUAD,5.830652
Motesanib,NCIH2228,6.500201,LUAD,6.776365
NU7441,NCIH2228,3.440788,LUAD,4.963413
NVP-ADW742,NCIH2228,2.942602,LUAD,3.497134
Navitoclax,NCIH2228,3.135134,LUAD,4.178065
Nilotinib,NCIH2228,4.313403,LUAD,5.352288
Niraparib,NCIH2228,4.801138,LUAD,3.703622
Nutlin-3a (-),NCIH2228,5.870397,LUAD,6.051779
OF-1,NCIH2228,4.943954,LUAD,4.580704
OSI-027,NCIH2228,2.143936,LUAD,3.812424
OTX015,NCIH2228,2.850016,LUAD,5.416979
Olaparib,NCIH2228,4.956842,LUAD,4.720014
Osimertinib,NCIH2228,1.302258,LUAD,3.074055
Oxaliplatin,NCIH2228,4.925000,LUAD,5.494261
P22077,NCIH2228,5.465537,LUAD,6.471970
PCI-34051,NCIH2228,5.139773,LUAD,6.753137
PD0325901,NCIH2228,0.656260,LUAD,1.972169
PD173074,NCIH2228,4.670794,LUAD,5.079793
PFI-1,NCIH2228,4.701329,LUAD,5.859817
PFI3,NCIH2228,5.913645,LUAD,6.792375
PLX-4720,NCIH2228,4.663876,LUAD,5.004770
PRIMA-1MET,NCIH2228,5.673364,LUAD,5.600966
PRT062607,NCIH2228,3.079804,LUAD,3.617158
Paclitaxel,NCIH2228,-2.176250,LUAD,-1.763564
Palbociclib,NCIH2228,3.755285,LUAD,4.660124
Pevonedistat,NCIH2228,1.996928,LUAD,3.042005
Picolinici-acid,NCIH2228,5.632235,LUAD,6.701608
Pictilisib,NCIH2228,0.583894,LUAD,0.612912
RO-3306,NCIH2228,3.693075,LUAD,4.619897
RVX-208,NCIH2228,5.374279,LUAD,6.557054
Refametinib,NCIH2228,0.691696,LUAD,1.610587
Ribociclib,NCIH2228,4.056041,LUAD,5.225547
Rucaparib,NCIH2228,4.458523,LUAD,4.102681
Ruxolitinib,NCIH2228,5.515194,LUAD,2.853212
SB216763,NCIH2228,5.771310,LUAD,5.895278
SB590885,NCIH2228,4.641218,LUAD,4.772365
SCH772984,NCIH2228,1.536463,LUAD,2.840438
SGC0946,NCIH2228,2.387451,LUAD,3.355229
SN-38,NCIH2228,-3.281375,LUAD,-2.178999
Sabutoclax,NCIH2228,0.298702,LUAD,-0.699829
Savolitinib,NCIH2228,2.750904,LUAD,3.185019
Selumetinib,NCIH2228,3.204351,LUAD,5.122288
Sepantronium bromide,NCIH2228,-4.107563,LUAD,-2.686342
Serdemetan,NCIH2228,4.135504,LUAD,2.598013
Sorafenib,NCIH2228,3.289913,LUAD,3.620614
Staurosporine,NCIH2228,-3.291221,LUAD,-1.876254
Talazoparib,NCIH2228,3.469277,LUAD,3.017916
Tamoxifen,NCIH2228,4.633011,LUAD,5.290880
Tanespimycin,NCIH2228,-1.050101,LUAD,-0.893264
Taselisib,NCIH2228,0.338112,LUAD,1.235209
Telomerase Inhibitor IX,NCIH2228,1.492462,LUAD,2.438926
Temozolomide,NCIH2228,7.209578,LUAD,7.649378
Trametinib,NCIH2228,-1.448153,LUAD,-0.566433
Ulixertinib,NCIH2228,2.390689,LUAD,3.395049
Uprosertib,NCIH2228,3.105938,LUAD,2.404481
VE-822,NCIH2228,3.865293,LUAD,4.139256
Veliparib,NCIH2228,5.815467,LUAD,5.840194
Venetoclax,NCIH2228,3.294028,LUAD,4.088028
Vismodegib,NCIH2228,5.467770,LUAD,6.505760
Vorinostat,NCIH2228,2.136241,LUAD,2.334577
WEHI-539,NCIH2228,4.649374,LUAD,4.547011
WIKI4,NCIH2228,4.086129,LUAD,3.004243
WZ4003,NCIH2228,4.688002,LUAD,3.776361
Wnt-C59,NCIH2228,5.042647,LUAD,5.863181
XAV939,NCIH2228,4.438282,LUAD,3.195765
YK-4-279,NCIH2228,2.675036,LUAD,3.435987
ZM447439,NCIH2228,3.497545,LUAD,2.684147
5-Fluorouracil,NCIH2170,3.415473,LUSC,3.937417
ABT737,NCIH2170,2.606516,LUSC,0.772399
AGI-5198,NCIH2170,4.612392,LUSC,4.717171
AGI-6780,NCIH2170,4.235341,LUSC,4.065627
AGK2,NCIH2170,2.896377,LUSC,4.466269
AZ960,NCIH2170,1.917893,LUSC,2.062976
AZD3759,NCIH2170,2.127380,LUSC,2.630144
AZD4547,NCIH2170,1.854923,LUSC,2.319813
AZD5363,NCIH2170,2.499732,LUSC,1.977369
AZD5582,NCIH2170,0.892423,LUSC,3.033731
AZD6738,NCIH2170,1.893872,LUSC,1.888228
AZD7762,NCIH2170,-0.181874,LUSC,-0.532861
AZD8186,NCIH2170,2.902347,LUSC,2.486751
Afatinib,NCIH2170,0.048221,LUSC,-3.043887
Afuresertib,NCIH2170,1.965129,LUSC,1.687789
Alpelisib,NCIH2170,2.786028,LUSC,2.351157
Avagacestat,NCIH2170,5.008774,LUSC,5.122274
Axitinib,NCIH2170,3.057017,LUSC,1.651365
BMS-345541,NCIH2170,2.737448,LUSC,2.512685
BMS-536924,NCIH2170,1.392514,LUSC,1.594605
BMS-754807,NCIH2170,0.428649,LUSC,0.622179
Bortezomib,NCIH2170,-4.896400,LUSC,-4.691718
Bosutinib,NCIH2170,2.332017,LUSC,0.330784
Buparlisib,NCIH2170,0.799400,LUSC,0.075392
CCT007093,NCIH2170,4.982946,LUSC,5.571013
CZC24832,NCIH2170,5.469239,LUSC,4.061356
Camptothecin,NCIH2170,-2.545185,LUSC,-3.956039
Cediranib,NCIH2170,1.705520,LUSC,1.293744
Crizotinib,NCIH2170,2.733345,LUSC,1.471901
Cyclophosphamide,NCIH2170,5.183536,LUSC,4.952204
Dactinomycin,NCIH2170,-3.876398,LUSC,-4.551184
Dactolisib,NCIH2170,-1.918140,LUSC,-2.653821
Dasatinib,NCIH2170,3.258214,LUSC,0.797258
Dinaciclib,NCIH2170,-3.656680,LUSC,-2.449249
Docetaxel,NCIH2170,-4.641550,LUSC,-5.529357
Doramapimod,NCIH2170,5.332197,LUSC,3.849536
EHT-1864,NCIH2170,3.397510,LUSC,4.118902
EPZ004777,NCIH2170,5.553602,LUSC,5.481805
EPZ5676,NCIH2170,5.948187,LUSC,5.444124
Entinostat,NCIH2170,1.048691,LUSC,1.726923
Entospletinib,NCIH2170,3.621322,LUSC,2.523040
Epirubicin,NCIH2170,-0.666076,LUSC,0.463484
Erlotinib,NCIH2170,2.026793,LUSC,0.600995
Fulvestrant,NCIH2170,3.548840,LUSC,3.640301
GDC0810,NCIH2170,4.933770,LUSC,5.430008
GSK1904529A,NCIH2170,4.463869,LUSC,4.624341
GSK2578215A,NCIH2170,4.918087,LUSC,5.591718
GSK2606414,NCIH2170,3.457874,LUSC,3.616166
GSK343,NCIH2170,3.430527,LUSC,3.579830
GW441756,NCIH2170,3.187069,LUSC,1.886320
Gefitinib,NCIH2170,2.129622,LUSC,0.811124
Gemcitabine,NCIH2170,0.596632,LUSC,-4.814400
I-BET-762,NCIH2170,3.375486,LUSC,4.006008
I-BRD9,NCIH2170,4.521978,LUSC,4.427187
IWP-2,NCIH2170,2.742603,LUSC,3.289133
Ibrutinib,NCIH2170,3.475321,LUSC,-0.518875
Ipatasertib,NCIH2170,2.643735,LUSC,2.487374
Irinotecan,NCIH2170,2.246101,LUSC,1.565138
JNK Inhibitor VIII,NCIH2170,5.373974,LUSC,5.140805
JQ1,NCIH2170,1.498758,LUSC,2.380914
KRAS (G12C) Inhibitor-12,NCIH2170,4.400928,LUSC,3.619618
KU-55933,NCIH2170,4.946816,LUSC,5.392904
LCL161,NCIH2170,4.734909,LUSC,4.128568
LGK974,NCIH2170,3.988363,LUSC,4.519156
LY2109761,NCIH2170,5.187875,LUSC,5.493128
Lapatinib,NCIH2170,1.876518,LUSC,-0.917778
Leflunomide,NCIH2170,4.988904,LUSC,5.208265
Lenalidomide,NCIH2170,5.259735,LUSC,4.198693
Lestaurtinib,NCIH2170,0.167470,LUSC,-0.999885
Linsitinib,NCIH2170,3.303089,LUSC,3.120855
Luminespib,NCIH2170,-2.240577,LUSC,-2.387012
MG-132,NCIH2170,-1.200027,LUSC,-1.406502
MIRA-1,NCIH2170,5.600941,LUSC,5.245766
MK-1775,NCIH2170,-0.105722,LUSC,-0.607562
MK-2206,NCIH2170,2.337891,LUSC,2.823202
ML323,NCIH2170,4.336823,LUSC,5.126829
MN-64,NCIH2170,4.386149,LUSC,4.325707
Mirin,NCIH2170,4.421782,LUSC,4.730350
Motesanib,NCIH2170,5.747171,LUSC,4.072035
NU7441,NCIH2170,2.845095,LUSC,1.633591
NVP-ADW742,NCIH2170,1.869888,LUSC,3.065545
Navitoclax,NCIH2170,2.520252,LUSC,-0.101656
Nilotinib,NCIH2170,3.375685,LUSC,3.651065
Niraparib,NCIH2170,3.937720,LUSC,3.089727
Nutlin-3a (-),NCIH2170,5.608882,LUSC,5.444464
OF-1,NCIH2170,4.332555,LUSC,3.219471
OSI-027,NCIH2170,1.965268,LUSC,1.604154
OTX015,NCIH2170,1.726274,LUSC,3.593007
Olaparib,NCIH2170,4.564075,LUSC,4.264541
Osimertinib,NCIH2170,0.223707,LUSC,-2.274924
Oxaliplatin,NCIH2170,4.402952,LUSC,3.807721
P22077,NCIH2170,4.502756,LUSC,5.320855
PCI-34051,NCIH2170,4.578303,LUSC,4.507806
PD0325901,NCIH2170,0.419477,LUSC,4.560798
PD173074,NCIH2170,3.546300,LUSC,2.888292
PFI-1,NCIH2170,4.086212,LUSC,5.193018
PFI3,NCIH2170,5.301957,LUSC,5.099137
PLX-4720,NCIH2170,4.442809,LUSC,3.941708
PRIMA-1MET,NCIH2170,5.213646,LUSC,5.751309
PRT062607,NCIH2170,2.770544,LUSC,2.542602
Paclitaxel,NCIH2170,-3.888216,LUSC,-4.424539
Palbociclib,NCIH2170,2.854524,LUSC,3.144239
Pevonedistat,NCIH2170,0.540307,LUSC,-1.597406
Picolinici-acid,NCIH2170,5.221256,LUSC,5.200169
Pictilisib,NCIH2170,0.390672,LUSC,-0.228175
RO-3306,NCIH2170,3.039160,LUSC,2.263182
RVX-208,NCIH2170,4.847385,LUSC,4.357286
Refametinib,NCIH2170,2.051843,LUSC,3.428922
Ribociclib,NCIH2170,3.132248,LUSC,3.971137
Rucaparib,NCIH2170,3.877879,LUSC,2.670250
Ruxolitinib,NCIH2170,4.830188,LUSC,4.703466
SB216763,NCIH2170,5.186221,LUSC,5.475426
SB590885,NCIH2170,4.215509,LUSC,3.415145
SCH772984,NCIH2170,0.873394,LUSC,4.444555
SGC0946,NCIH2170,2.130018,LUSC,1.734392
SN-38,NCIH2170,-3.198722,LUSC,-5.059042
Sabutoclax,NCIH2170,0.362184,LUSC,0.900077
Savolitinib,NCIH2170,2.316133,LUSC,2.012438
Selumetinib,NCIH2170,2.997562,LUSC,5.656592
Sepantronium bromide,NCIH2170,-2.575042,LUSC,-3.663828
Serdemetan,NCIH2170,3.519706,LUSC,3.413761
Sorafenib,NCIH2170,2.551965,LUSC,3.051977
Staurosporine,NCIH2170,-3.004616,LUSC,-4.138804
Talazoparib,NCIH2170,3.581334,LUSC,-0.669159
Tamoxifen,NCIH2170,3.769303,LUSC,4.365352
Tanespimycin,NCIH2170,-1.112669,LUSC,-2.950654
Taselisib,NCIH2170,0.288902,LUSC,0.609259
Telomerase Inhibitor IX,NCIH2170,1.085302,LUSC,0.444472
Temozolomide,NCIH2170,6.603435,LUSC,4.829815
Trametinib,NCIH2170,-1.718105,LUSC,3.924432
Ulixertinib,NCIH2170,1.510420,LUSC,3.801924
Uprosertib,NCIH2170,2.291532,LUSC,2.026297
VE-822,NCIH2170,2.648623,LUSC,0.692166
Veliparib,NCIH2170,5.104039,LUSC,5.400731
Venetoclax,NCIH2170,3.135687,LUSC,3.435150
Vismodegib,NCIH2170,4.968596,LUSC,5.529170
Vorinostat,NCIH2170,1.503217,LUSC,0.946208
WEHI-539,NCIH2170,4.736404,LUSC,0.796005
WIKI4,NCIH2170,4.038231,LUSC,4.716590
WZ4003,NCIH2170,3.893013,LUSC,3.975304
Wnt-C59,NCIH2170,4.199944,LUSC,5.227703
XAV939,NCIH2170,4.162808,LUSC,3.717925
YK-4-279,NCIH2170,1.688608,LUSC,0.524238
ZM447439,NCIH2170,2.493104,LUSC,0.924494
5-Fluorouracil,NCIH146,4.486487,SCLC,3.657896
ABT737,NCIH146,0.860783,SCLC,-2.237680
AGI-5198,NCIH146,4.421701,SCLC,3.624073
AGI-6780,NCIH146,4.489536,SCLC,3.974842
AGK2,NCIH146,3.299008,SCLC,3.014805
AZ960,NCIH146,0.863212,SCLC,2.230332
AZD3759,NCIH146,2.677835,SCLC,3.341725
AZD4547,NCIH146,3.120528,SCLC,3.663788
AZD5363,NCIH146,3.506167,SCLC,4.644727
AZD5582,NCIH146,2.487355,SCLC,2.012681
AZD6738,NCIH146,2.044087,SCLC,2.421189
AZD7762,NCIH146,0.737007,SCLC,0.550611
AZD8186,NCIH146,3.624047,SCLC,5.082524
Afatinib,NCIH146,1.664077,SCLC,1.078987
Afuresertib,NCIH146,3.228387,SCLC,3.442519
Alpelisib,NCIH146,3.501890,SCLC,3.622992
Avagacestat,NCIH146,4.834453,SCLC,3.572423
Axitinib,NCIH146,2.325808,SCLC,2.424052
BMS-345541,NCIH146,2.656025,SCLC,2.032840
BMS-536924,NCIH146,2.525285,SCLC,3.871981
BMS-754807,NCIH146,1.761607,SCLC,3.873944
Bortezomib,NCIH146,-5.312144,SCLC,-4.924829
Bosutinib,NCIH146,3.147962,SCLC,3.075422
Buparlisib,NCIH146,1.414870,SCLC,1.764563
CCT007093,NCIH146,4.999837,SCLC,4.947767
CZC24832,NCIH146,5.277308,SCLC,5.846322
Camptothecin,NCIH146,-3.325945,SCLC,-2.960427
Cediranib,NCIH146,2.179598,SCLC,1.825081
Crizotinib,NCIH146,2.681533,SCLC,3.107330
Cyclophosphamide,NCIH146,5.390098,SCLC,5.331158
Dactinomycin,NCIH146,-3.623767,SCLC,-4.176434
Dactolisib,NCIH146,-1.210854,SCLC,-2.148024
Dasatinib,NCIH146,2.882808,SCLC,3.237857
Dinaciclib,NCIH146,-2.671085,SCLC,-3.762970
Docetaxel,NCIH146,-3.840769,SCLC,-2.909871
Doramapimod,NCIH146,5.078083,SCLC,2.533555
EHT-1864,NCIH146,3.518944,SCLC,2.872611
EPZ004777,NCIH146,5.174673,SCLC,3.938753
EPZ5676,NCIH146,5.670189,SCLC,4.947133
Entinostat,NCIH146,0.789331,SCLC,-1.810497
Entospletinib,NCIH146,4.053681,SCLC,4.134874
Epirubicin,NCIH146,-0.059834,SCLC,-0.147009
Erlotinib,NCIH146,3.758097,SCLC,3.323680
Fulvestrant,NCIH146,3.395684,SCLC,2.554232
GDC0810,NCIH146,4.903144,SCLC,5.514699
GSK1904529A,NCIH146,4.527468,SCLC,2.849510
GSK2578215A,NCIH146,4.976129,SCLC,5.608460
GSK2606414,NCIH146,3.935765,SCLC,3.525753
GSK343,NCIH146,3.071759,SCLC,3.226880
GW441756,NCIH146,3.371924,SCLC,4.267804
Gefitinib,NCIH146,3.513101,SCLC,3.800289
Gemcitabine,NCIH146,-0.498601,SCLC,-2.358643
I-BET-762,NCIH146,3.151597,SCLC,2.517626
I-BRD9,NCIH146,4.454453,SCLC,3.658144
IWP-2,NCIH146,2.598500,SCLC,3.598757
Ibrutinib,NCIH146,4.633093,SCLC,4.064785
Ipatasertib,NCIH146,3.841408,SCLC,4.652238
Irinotecan,NCIH146,1.823938,SCLC,0.893964
JNK Inhibitor VIII,NCIH146,5.127850,SCLC,4.194727
JQ1,NCIH146,1.699986,SCLC,0.279394
KRAS (G12C) Inhibitor-12,NCIH146,4.508848,SCLC,4.500784
KU-55933,NCIH146,5.091634,SCLC,5.876820
LCL161,NCIH146,4.704200,SCLC,5.310848
LGK974,NCIH146,4.544142,SCLC,4.833762
LY2109761,NCIH146,5.185400,SCLC,4.909134
Lapatinib,NCIH146,3.670450,SCLC,2.548869
Leflunomide,NCIH146,4.941987,SCLC,5.265076
Lenalidomide,NCIH146,5.231288,SCLC,5.076853
Lestaurtinib,NCIH146,0.817756,SCLC,-0.025453
Linsitinib,NCIH146,3.915212,SCLC,4.177161
Luminespib,NCIH146,-1.720902,SCLC,-2.499019
MG-132,NCIH146,-1.242304,SCLC,-1.259203
MIRA-1,NCIH146,4.733400,SCLC,5.769150
MK-1775,NCIH146,0.465926,SCLC,0.211023
MK-2206,NCIH146,3.254543,SCLC,2.745366
ML323,NCIH146,4.866178,SCLC,4.213697
MN-64,NCIH146,4.717089,SCLC,5.211346
Mirin,NCIH146,4.401388,SCLC,3.664219
Motesanib,NCIH146,5.721800,SCLC,5.717909
NU7441,NCIH146,3.236471,SCLC,2.649539
NVP-ADW742,NCIH146,2.126654,SCLC,2.314921
Navitoclax,NCIH146,1.215291,SCLC,-2.783891
Nilotinib,NCIH146,3.762640,SCLC,2.614132
Niraparib,NCIH146,3.504692,SCLC,3.532639
Nutlin-3a (-),NCIH146,5.292308,SCLC,4.408538
OF-1,NCIH146,4.223232,SCLC,4.031124
OSI-027,NCIH146,2.719342,SCLC,2.036428
OTX015,NCIH146,1.734145,SCLC,0.944283
Olaparib,NCIH146,3.891030,SCLC,3.061680
Osimertinib,NCIH146,1.614983,SCLC,1.603608
Oxaliplatin,NCIH146,3.634294,SCLC,2.400650
P22077,NCIH146,4.389809,SCLC,3.427862
PCI-34051,NCIH146,4.018765,SCLC,2.898774
PD0325901,NCIH146,3.240124,SCLC,3.728177
PD173074,NCIH146,3.805214,SCLC,3.098564
PFI-1,NCIH146,3.775791,SCLC,4.122652
PFI3,NCIH146,5.378052,SCLC,5.527107
PLX-4720,NCIH146,4.473942,SCLC,3.483261
PRIMA-1MET,NCIH146,3.185525,SCLC,3.981674
PRT062607,NCIH146,2.950619,SCLC,1.885956
Paclitaxel,NCIH146,-2.833579,SCLC,-2.191330
Palbociclib,NCIH146,3.502988,SCLC,3.272229
Pevonedistat,NCIH146,1.471890,SCLC,-0.833203
Picolinici-acid,NCIH146,5.240119,SCLC,4.160279
Pictilisib,NCIH146,2.226060,SCLC,2.345776
RO-3306,NCIH146,2.615755,SCLC,1.836807
RVX-208,NCIH146,4.537498,SCLC,5.690839
Refametinib,NCIH146,4.363325,SCLC,4.537933
Ribociclib,NCIH146,3.649199,SCLC,3.987825
Rucaparib,NCIH146,3.695348,SCLC,3.102860
Ruxolitinib,NCIH146,4.987730,SCLC,4.510341
SB216763,NCIH146,5.229163,SCLC,5.880987
SB590885,NCIH146,4.416879,SCLC,3.347828
SCH772984,NCIH146,4.024117,SCLC,3.749168
SGC0946,NCIH146,2.300582,SCLC,2.014679
SN-38,NCIH146,-4.337453,SCLC,-2.756189
Sabutoclax,NCIH146,-0.029576,SCLC,0.432447
Savolitinib,NCIH146,2.305203,SCLC,2.864778
Selumetinib,NCIH146,4.860683,SCLC,4.687036
Sepantronium bromide,NCIH146,-4.427815,SCLC,-5.646632
Serdemetan,NCIH146,3.836015,SCLC,3.280936
Sorafenib,NCIH146,2.663722,SCLC,1.236680
Staurosporine,NCIH146,-2.790763,SCLC,-1.677532
Talazoparib,NCIH146,2.223719,SCLC,1.219778
Tamoxifen,NCIH146,4.086915,SCLC,4.364471
Tanespimycin,NCIH146,2.076035,SCLC,0.256920
Taselisib,NCIH146,2.763434,SCLC,3.432687
Telomerase Inhibitor IX,NCIH146,0.513447,SCLC,0.396130
Temozolomide,NCIH146,6.480314,SCLC,5.159104
Trametinib,NCIH146,2.456615,SCLC,2.302198
Ulixertinib,NCIH146,3.807289,SCLC,2.877064
Uprosertib,NCIH146,3.457149,SCLC,3.521902
VE-822,NCIH146,3.049490,SCLC,4.425436
Veliparib,NCIH146,5.168542,SCLC,5.392121
Venetoclax,NCIH146,2.782817,SCLC,-0.345648
Vismodegib,NCIH146,4.980124,SCLC,5.278959
Vorinostat,NCIH146,1.275632,SCLC,-0.000713
WEHI-539,NCIH146,3.106889,SCLC,-1.080451
WIKI4,NCIH146,3.657947,SCLC,3.251520
WZ4003,NCIH146,4.718355,SCLC,5.703216
Wnt-C59,NCIH146,4.477257,SCLC,4.749937
XAV939,NCIH146,3.954600,SCLC,4.010385
YK-4-279,NCIH146,2.167016,SCLC,2.558391
ZM447439,NCIH146,1.569339,SCLC,2.582555
5-Fluorouracil,NCIH1299,4.586978,LCLC,3.664405
ABT737,NCIH1299,2.953014,LCLC,5.057074
AGI-5198,NCIH1299,4.809783,LCLC,6.079127
AGI-6780,NCIH1299,4.624281,LCLC,3.916117
AGK2,NCIH1299,3.504475,LCLC,4.706475
AZ960,NCIH1299,2.524706,LCLC,1.407660
AZD3759,NCIH1299,3.116530,LCLC,3.715330
AZD4547,NCIH1299,3.301559,LCLC,4.525209
AZD5363,NCIH1299,4.111836,LCLC,4.785730
AZD5582,NCIH1299,1.848058,LCLC,0.904442
AZD6738,NCIH1299,2.691684,LCLC,3.545464
AZD7762,NCIH1299,0.656084,LCLC,0.370718
AZD8186,NCIH1299,4.120697,LCLC,3.883849
Afatinib,NCIH1299,2.323223,LCLC,2.018097
Afuresertib,NCIH1299,3.922935,LCLC,4.188932
Alpelisib,NCIH1299,4.472919,LCLC,3.376081
Avagacestat,NCIH1299,5.323776,LCLC,4.806916
Axitinib,NCIH1299,3.842684,LCLC,2.304867
BMS-345541,NCIH1299,3.604845,LCLC,2.372824
BMS-536924,NCIH1299,2.548357,LCLC,2.195746
BMS-754807,NCIH1299,2.818619,LCLC,2.675781
Bortezomib,NCIH1299,-5.097132,LCLC,-4.446316
Bosutinib,NCIH1299,3.292506,LCLC,3.646027
Buparlisib,NCIH1299,1.651498,LCLC,1.267783
CCT007093,NCIH1299,5.197984,LCLC,5.730331
CZC24832,NCIH1299,5.501995,LCLC,5.311388
Camptothecin,NCIH1299,-2.465704,LCLC,-1.935191
Cediranib,NCIH1299,2.889744,LCLC,4.480668
Crizotinib,NCIH1299,3.311165,LCLC,2.410131
Cyclophosphamide,NCIH1299,5.586258,LCLC,6.130030
Dactinomycin,NCIH1299,-3.684953,LCLC,-3.403993
Dactolisib,NCIH1299,-1.296458,LCLC,-1.738660
Dasatinib,NCIH1299,2.007236,LCLC,-0.376475
Dinaciclib,NCIH1299,-2.761800,LCLC,-2.920625
Docetaxel,NCIH1299,-4.560567,LCLC,-3.059773
Doramapimod,NCIH1299,5.696796,LCLC,6.129233
EHT-1864,NCIH1299,3.768639,LCLC,4.453499
EPZ004777,NCIH1299,5.861737,LCLC,5.444387
EPZ5676,NCIH1299,6.221127,LCLC,5.486898
Entinostat,NCIH1299,2.582189,LCLC,4.471658
Entospletinib,NCIH1299,4.177385,LCLC,3.659256
Epirubicin,NCIH1299,-0.993101,LCLC,-0.582449
Erlotinib,NCIH1299,3.641493,LCLC,4.720582
Fulvestrant,NCIH1299,3.993167,LCLC,3.999446
GDC0810,NCIH1299,5.304786,LCLC,5.951837
GSK1904529A,NCIH1299,4.476856,LCLC,4.520284
GSK2578215A,NCIH1299,5.393716,LCLC,6.133415
GSK2606414,NCIH1299,4.092966,LCLC,4.552003
GSK343,NCIH1299,3.988784,LCLC,3.873278
GW441756,NCIH1299,3.411927,LCLC,4.409559
Gefitinib,NCIH1299,3.871896,LCLC,3.457808
Gemcitabine,NCIH1299,-0.238742,LCLC,-0.045722
I-BET-762,NCIH1299,3.385452,LCLC,2.139464
I-BRD9,NCIH1299,5.084458,LCLC,3.938031
IWP-2,NCIH1299,3.109147,LCLC,2.632805
Ibrutinib,NCIH1299,5.455883,LCLC,6.135040
Ipatasertib,NCIH1299,4.762977,LCLC,5.138786
Irinotecan,NCIH1299,2.296380,LCLC,3.029664
JNK Inhibitor VIII,NCIH1299,5.548610,LCLC,5.186810
JQ1,NCIH1299,2.721567,LCLC,0.948800
KRAS (G12C) Inhibitor-12,NCIH1299,4.889945,LCLC,3.410693
KU-55933,NCIH1299,5.104806,LCLC,6.129259
LCL161,NCIH1299,5.009793,LCLC,4.589251
LGK974,NCIH1299,4.482711,LCLC,4.115643
LY2109761,NCIH1299,5.304851,LCLC,5.661692
Lapatinib,NCIH1299,4.368643,LCLC,5.618167
Leflunomide,NCIH1299,5.173721,LCLC,5.068115
Lenalidomide,NCIH1299,5.585593,LCLC,5.472552
Lestaurtinib,NCIH1299,0.349177,LCLC,-0.423013
Linsitinib,NCIH1299,4.629883,LCLC,5.174545
Luminespib,NCIH1299,-2.021414,LCLC,-3.013247
MG-132,NCIH1299,-1.539457,LCLC,-1.606815
MIRA-1,NCIH1299,5.807480,LCLC,5.907918
MK-1775,NCIH1299,0.397674,LCLC,0.209331
MK-2206,NCIH1299,3.857701,LCLC,3.827394
ML323,NCIH1299,4.768521,LCLC,4.001355
MN-64,NCIH1299,4.943532,LCLC,5.936162
Mirin,NCIH1299,4.876082,LCLC,4.991169
Motesanib,NCIH1299,5.908326,LCLC,6.131382
NU7441,NCIH1299,3.449384,LCLC,3.521643
NVP-ADW742,NCIH1299,3.060195,LCLC,4.314051
Navitoclax,NCIH1299,2.764237,LCLC,4.156930
Nilotinib,NCIH1299,3.761154,LCLC,4.998910
Niraparib,NCIH1299,4.637407,LCLC,4.856973
Nutlin-3a (-),NCIH1299,5.651486,LCLC,5.276151
OF-1,NCIH1299,4.658306,LCLC,4.058891
OSI-027,NCIH1299,3.126451,LCLC,1.478582
OTX015,NCIH1299,2.502441,LCLC,1.086611
Olaparib,NCIH1299,4.452664,LCLC,5.599367
Osimertinib,NCIH1299,2.251265,LCLC,3.832455
Oxaliplatin,NCIH1299,4.933762,LCLC,3.966250
P22077,NCIH1299,4.865644,LCLC,5.889721
PCI-34051,NCIH1299,4.850463,LCLC,4.242200
PD0325901,NCIH1299,0.856339,LCLC,1.033009
PD173074,NCIH1299,4.499624,LCLC,4.027859
PFI-1,NCIH1299,4.143933,LCLC,3.485345
PFI3,NCIH1299,5.490832,LCLC,5.409631
PLX-4720,NCIH1299,4.730977,LCLC,5.051263
PRIMA-1MET,NCIH1299,4.391226,LCLC,5.452650
PRT062607,NCIH1299,3.431846,LCLC,2.852697
Paclitaxel,NCIH1299,-3.410423,LCLC,-2.020618
Palbociclib,NCIH1299,4.125218,LCLC,2.902014
Pevonedistat,NCIH1299,0.024500,LCLC,-0.415934
Picolinici-acid,NCIH1299,5.442443,LCLC,5.679665
Pictilisib,NCIH1299,2.033437,LCLC,1.643482
RO-3306,NCIH1299,4.118883,LCLC,3.031667
RVX-208,NCIH1299,5.150287,LCLC,4.138956
Refametinib,NCIH1299,1.208161,LCLC,1.816113
Ribociclib,NCIH1299,4.149539,LCLC,2.889385
Rucaparib,NCIH1299,4.480147,LCLC,4.765758
Ruxolitinib,NCIH1299,5.538799,LCLC,5.414423
SB216763,NCIH1299,5.372497,LCLC,4.409957
SB590885,NCIH1299,4.528608,LCLC,4.902881
SCH772984,NCIH1299,1.341594,LCLC,1.828834
SGC0946,NCIH1299,2.262801,LCLC,2.255224
SN-38,NCIH1299,-3.753738,LCLC,-3.304867
Sabutoclax,NCIH1299,-0.299045,LCLC,-0.848943
Savolitinib,NCIH1299,2.475616,LCLC,3.800930
Selumetinib,NCIH1299,3.678520,LCLC,3.323025
Sepantronium bromide,NCIH1299,-5.960077,LCLC,-4.534037
Serdemetan,NCIH1299,4.594476,LCLC,4.056652
Sorafenib,NCIH1299,2.772456,LCLC,3.083745
Staurosporine,NCIH1299,-2.234444,LCLC,-3.261003
Talazoparib,NCIH1299,4.002878,LCLC,4.094152
Tamoxifen,NCIH1299,4.065277,LCLC,5.287599
Tanespimycin,NCIH1299,0.550373,LCLC,-0.868724
Taselisib,NCIH1299,3.609811,LCLC,2.636516
Telomerase Inhibitor IX,NCIH1299,0.656059,LCLC,0.215811
Temozolomide,NCIH1299,6.704295,LCLC,6.496252
Trametinib,NCIH1299,-0.849697,LCLC,0.131219
Ulixertinib,NCIH1299,2.170644,LCLC,2.394521
Uprosertib,NCIH1299,4.381556,LCLC,2.806265
VE-822,NCIH1299,3.908365,LCLC,4.159415
Veliparib,NCIH1299,5.453622,LCLC,5.697729
Venetoclax,NCIH1299,3.319318,LCLC,3.622796
Vismodegib,NCIH1299,5.257342,LCLC,4.837852
Vorinostat,NCIH1299,1.909642,LCLC,2.751120
WEHI-539,NCIH1299,4.470882,LCLC,5.482658
WIKI4,NCIH1299,3.934317,LCLC,5.125103
WZ4003,NCIH1299,3.992517,LCLC,3.195575
Wnt-C59,NCIH1299,4.439867,LCLC,4.327226
XAV939,NCIH1299,4.480109,LCLC,4.477803
YK-4-279,NCIH1299,2.318719,LCLC,2.955946
ZM447439,NCIH1299,2.930376,LCLC,3.718174
5-Fluorouracil,LCLC103H,5.213707,LCLC,4.614290
ABT737,LCLC103H,2.783107,LCLC,4.035264
AGI-5198,LCLC103H,5.005158,LCLC,5.958144
AGI-6780,LCLC103H,4.742843,LCLC,3.698390
AGK2,LCLC103H,3.318296,LCLC,3.236065
AZ960,LCLC103H,2.539900,LCLC,0.701759
AZD3759,LCLC103H,2.895579,LCLC,4.176442
AZD4547,LCLC103H,3.366663,LCLC,3.934613
AZD5363,LCLC103H,2.890939,LCLC,3.645900
AZD5582,LCLC103H,2.784138,LCLC,0.295615
AZD6738,LCLC103H,2.658092,LCLC,4.165824
AZD7762,LCLC103H,0.543389,LCLC,0.315133
AZD8186,LCLC103H,3.138536,LCLC,3.142563
Afatinib,LCLC103H,1.812817,LCLC,2.324636
Afuresertib,LCLC103H,2.751880,LCLC,3.218657
Alpelisib,LCLC103H,3.973292,LCLC,3.344430
Avagacestat,LCLC103H,5.291221,LCLC,5.254726
Axitinib,LCLC103H,3.700941,LCLC,3.266417
BMS-345541,LCLC103H,3.774841,LCLC,2.839718
BMS-536924,LCLC103H,2.355646,LCLC,3.098864
BMS-754807,LCLC103H,3.565971,LCLC,3.167666
Bortezomib,LCLC103H,-5.403131,LCLC,-4.718198
Bosutinib,LCLC103H,3.014571,LCLC,3.441534
Buparlisib,LCLC103H,1.279811,LCLC,1.276236
CCT007093,LCLC103H,5.319017,LCLC,5.912235
CZC24832,LCLC103H,5.178550,LCLC,5.686123
Camptothecin,LCLC103H,-1.675795,LCLC,-0.941273
Cediranib,LCLC103H,2.317225,LCLC,2.415487
Crizotinib,LCLC103H,3.444624,LCLC,2.874591
Cyclophosphamide,LCLC103H,5.425250,LCLC,6.070112
Dactinomycin,LCLC103H,-2.963576,LCLC,-3.059831
Dactolisib,LCLC103H,-1.793363,LCLC,-1.025930
Dasatinib,LCLC103H,0.467001,LCLC,1.056282
Dinaciclib,LCLC103H,-2.354263,LCLC,-3.275303
Docetaxel,LCLC103H,-3.660230,LCLC,-4.251653
Doramapimod,LCLC103H,5.330930,LCLC,4.890776
EHT-1864,LCLC103H,3.821895,LCLC,3.323978
EPZ004777,LCLC103H,5.803890,LCLC,6.060620
EPZ5676,LCLC103H,6.031464,LCLC,6.409542
Entinostat,LCLC103H,2.341547,LCLC,0.752865
Entospletinib,LCLC103H,3.886484,LCLC,3.083612
Epirubicin,LCLC103H,-0.477350,LCLC,0.053469
Erlotinib,LCLC103H,3.648285,LCLC,4.413024
Fulvestrant,LCLC103H,3.806896,LCLC,4.951674
GDC0810,LCLC103H,5.206656,LCLC,5.968666
GSK1904529A,LCLC103H,4.758417,LCLC,5.079454
GSK2578215A,LCLC103H,5.118348,LCLC,5.605770
GSK2606414,LCLC103H,4.144566,LCLC,4.019736
GSK343,LCLC103H,3.520201,LCLC,3.108135
GW441756,LCLC103H,3.235847,LCLC,4.250891
Gefitinib,LCLC103H,3.647593,LCLC,4.491917
Gemcitabine,LCLC103H,2.210358,LCLC,1.758037
I-BET-762,LCLC103H,3.706604,LCLC,3.210829
I-BRD9,LCLC103H,4.779773,LCLC,5.199027
IWP-2,LCLC103H,3.127421,LCLC,2.769787
Ibrutinib,LCLC103H,5.128923,LCLC,6.110834
Ipatasertib,LCLC103H,3.722513,LCLC,5.026590
Irinotecan,LCLC103H,3.523275,LCLC,4.214159
JNK Inhibitor VIII,LCLC103H,5.496994,LCLC,4.901178
JQ1,LCLC103H,2.417768,LCLC,2.896763
KRAS (G12C) Inhibitor-12,LCLC103H,5.039519,LCLC,5.943140
KU-55933,LCLC103H,5.213420,LCLC,6.001970
LCL161,LCLC103H,4.858851,LCLC,3.623594
LGK974,LCLC103H,4.544081,LCLC,4.173085
LY2109761,LCLC103H,5.220613,LCLC,6.124978
Lapatinib,LCLC103H,3.430104,LCLC,4.352931
Leflunomide,LCLC103H,5.234797,LCLC,4.983369
Lenalidomide,LCLC103H,5.551654,LCLC,5.839713
Lestaurtinib,LCLC103H,0.608531,LCLC,0.101827
Linsitinib,LCLC103H,4.541428,LCLC,4.391826
Luminespib,LCLC103H,-2.415414,LCLC,-1.418178
MG-132,LCLC103H,-1.584855,LCLC,-1.275828
MIRA-1,LCLC103H,5.568158,LCLC,5.541480
MK-1775,LCLC103H,0.615345,LCLC,0.805127
MK-2206,LCLC103H,3.208101,LCLC,3.101488
ML323,LCLC103H,4.778633,LCLC,4.084270
MN-64,LCLC103H,4.683193,LCLC,5.053803
Mirin,LCLC103H,5.233825,LCLC,4.353589
Motesanib,LCLC103H,5.891088,LCLC,6.124978
NU7441,LCLC103H,3.272515,LCLC,3.345145
NVP-ADW742,LCLC103H,2.968386,LCLC,2.355473
Navitoclax,LCLC103H,2.804499,LCLC,3.379275
Nilotinib,LCLC103H,4.041664,LCLC,4.322745
Niraparib,LCLC103H,4.588399,LCLC,5.271363
Nutlin-3a (-),LCLC103H,5.402264,LCLC,5.082635
OF-1,LCLC103H,4.473434,LCLC,4.895246
OSI-027,LCLC103H,2.362662,LCLC,1.887098
OTX015,LCLC103H,2.480977,LCLC,2.516660
Olaparib,LCLC103H,4.726956,LCLC,5.463800
Osimertinib,LCLC103H,1.967945,LCLC,2.814507
Oxaliplatin,LCLC103H,4.779189,LCLC,4.900844
P22077,LCLC103H,4.827890,LCLC,5.270654
PCI-34051,LCLC103H,4.442307,LCLC,4.435247
PD0325901,LCLC103H,2.232779,LCLC,3.648480
PD173074,LCLC103H,4.091113,LCLC,4.157438
PFI-1,LCLC103H,4.136340,LCLC,4.073757
PFI3,LCLC103H,5.525673,LCLC,5.269007
PLX-4720,LCLC103H,4.603001,LCLC,3.890579
PRIMA-1MET,LCLC103H,4.460559,LCLC,2.905415
PRT062607,LCLC103H,3.575322,LCLC,1.291154
Paclitaxel,LCLC103H,-1.895707,LCLC,-3.122707
Palbociclib,LCLC103H,3.967479,LCLC,4.342826
Pevonedistat,LCLC103H,1.899251,LCLC,-0.550662
Picolinici-acid,LCLC103H,5.457725,LCLC,5.467215
Pictilisib,LCLC103H,1.429521,LCLC,1.758881
RO-3306,LCLC103H,4.171749,LCLC,4.255100
RVX-208,LCLC103H,5.016095,LCLC,4.036275
Refametinib,LCLC103H,2.453300,LCLC,4.015877
Ribociclib,LCLC103H,4.218567,LCLC,4.091497
Rucaparib,LCLC103H,4.281662,LCLC,3.869635
Ruxolitinib,LCLC103H,5.132660,LCLC,5.225687
SB216763,LCLC103H,5.170568,LCLC,5.866680
SB590885,LCLC103H,4.590004,LCLC,5.347047
SCH772984,LCLC103H,2.806472,LCLC,4.217963
SGC0946,LCLC103H,2.289422,LCLC,2.493603
SN-38,LCLC103H,-0.740560,LCLC,-1.662747
Sabutoclax,LCLC103H,0.454696,LCLC,-0.091926
Savolitinib,LCLC103H,2.620207,LCLC,2.941164
Selumetinib,LCLC103H,4.678268,LCLC,6.102174
Sepantronium bromide,LCLC103H,-5.192512,LCLC,-5.847720
Serdemetan,LCLC103H,4.268431,LCLC,4.160790
Sorafenib,LCLC103H,2.956831,LCLC,3.236249
Staurosporine,LCLC103H,-3.206696,LCLC,-2.718291
Talazoparib,LCLC103H,4.076452,LCLC,5.719098
Tamoxifen,LCLC103H,3.920393,LCLC,4.649501
Tanespimycin,LCLC103H,0.371162,LCLC,2.423509
Taselisib,LCLC103H,2.547763,LCLC,1.984870
Telomerase Inhibitor IX,LCLC103H,0.935123,LCLC,1.009238
Temozolomide,LCLC103H,6.951005,LCLC,6.436093
Trametinib,LCLC103H,0.464325,LCLC,3.440181
Ulixertinib,LCLC103H,2.919684,LCLC,4.155254
Uprosertib,LCLC103H,3.345351,LCLC,3.590841
VE-822,LCLC103H,4.000736,LCLC,3.082514
Veliparib,LCLC103H,5.580023,LCLC,5.920961
Venetoclax,LCLC103H,3.191614,LCLC,4.676518
Vismodegib,LCLC103H,5.023014,LCLC,5.247566
Vorinostat,LCLC103H,1.952246,LCLC,1.676101
WEHI-539,LCLC103H,4.159821,LCLC,3.848637
WIKI4,LCLC103H,3.693047,LCLC,4.960031
WZ4003,LCLC103H,4.091008,LCLC,2.932032
Wnt-C59,LCLC103H,4.437394,LCLC,4.049014
XAV939,LCLC103H,4.493925,LCLC,3.595348
YK-4-279,LCLC103H,2.687367,LCLC,2.937490
ZM447439,LCLC103H,3.321036,LCLC,2.442053
5-Fluorouracil,NCIH1963,4.916737,SCLC,4.743407
ABT737,NCIH1963,-0.490078,SCLC,-3.534010
AGI-5198,NCIH1963,4.698273,SCLC,4.825264
AGI-6780,NCIH1963,4.708594,SCLC,1.947016
AGK2,NCIH1963,3.345045,SCLC,4.009250
AZ960,NCIH1963,1.260126,SCLC,0.381402
AZD3759,NCIH1963,2.757811,SCLC,2.744481
AZD4547,NCIH1963,2.936637,SCLC,2.099782
AZD5363,NCIH1963,4.053761,SCLC,4.609451
AZD5582,NCIH1963,2.890704,SCLC,1.783644
AZD6738,NCIH1963,2.452004,SCLC,1.951369
AZD7762,NCIH1963,0.098701,SCLC,-0.118504
AZD8186,NCIH1963,4.267721,SCLC,4.474092
Afatinib,NCIH1963,1.824782,SCLC,1.406726
Afuresertib,NCIH1963,3.594192,SCLC,3.532282
Alpelisib,NCIH1963,3.783862,SCLC,4.201898
Avagacestat,NCIH1963,5.069172,SCLC,3.978956
Axitinib,NCIH1963,1.744246,SCLC,0.794604
BMS-345541,NCIH1963,3.098368,SCLC,2.671328
BMS-536924,NCIH1963,2.393319,SCLC,1.984544
BMS-754807,NCIH1963,0.764377,SCLC,-0.033344
Bortezomib,NCIH1963,-5.105824,SCLC,-5.102645
Bosutinib,NCIH1963,3.254215,SCLC,2.854209
Buparlisib,NCIH1963,1.371128,SCLC,1.075077
CCT007093,NCIH1963,4.893938,SCLC,5.080772
CZC24832,NCIH1963,5.368257,SCLC,4.485864
Camptothecin,NCIH1963,-2.499820,SCLC,-3.298337
Cediranib,NCIH1963,2.069043,SCLC,1.759478
Crizotinib,NCIH1963,2.508181,SCLC,1.561486
Cyclophosphamide,NCIH1963,5.406571,SCLC,3.209738
Dactinomycin,NCIH1963,-3.163922,SCLC,-3.699174
Dactolisib,NCIH1963,0.046498,SCLC,0.294068
Dasatinib,NCIH1963,3.563090,SCLC,3.046486
Dinaciclib,NCIH1963,-2.007861,SCLC,-2.973722
Docetaxel,NCIH1963,-3.715388,SCLC,-4.879798
Doramapimod,NCIH1963,5.052501,SCLC,4.492463
EHT-1864,NCIH1963,3.392297,SCLC,2.271456
EPZ004777,NCIH1963,5.027214,SCLC,5.109377
EPZ5676,NCIH1963,5.672030,SCLC,5.337031
Entinostat,NCIH1963,0.589918,SCLC,0.876109
Entospletinib,NCIH1963,4.353155,SCLC,5.249451
Epirubicin,NCIH1963,-0.358905,SCLC,0.251492
Erlotinib,NCIH1963,3.777372,SCLC,2.415133
Fulvestrant,NCIH1963,3.539039,SCLC,2.083202
GDC0810,NCIH1963,5.039361,SCLC,3.951397
GSK1904529A,NCIH1963,4.660947,SCLC,2.647411
GSK2578215A,NCIH1963,5.190087,SCLC,3.884340
GSK2606414,NCIH1963,4.281564,SCLC,3.818741
GSK343,NCIH1963,3.969252,SCLC,2.909227
GW441756,NCIH1963,3.412911,SCLC,2.219159
Gefitinib,NCIH1963,3.581944,SCLC,2.742370
Gemcitabine,NCIH1963,-0.544730,SCLC,-2.059215
I-BET-762,NCIH1963,4.271164,SCLC,3.813051
I-BRD9,NCIH1963,4.786493,SCLC,3.046340
IWP-2,NCIH1963,2.755873,SCLC,1.837569
Ibrutinib,NCIH1963,4.985706,SCLC,2.323098
Ipatasertib,NCIH1963,4.297952,SCLC,4.348813
Irinotecan,NCIH1963,1.294611,SCLC,2.472360
JNK Inhibitor VIII,NCIH1963,5.055756,SCLC,5.180777
JQ1,NCIH1963,2.425271,SCLC,1.164763
KRAS (G12C) Inhibitor-12,NCIH1963,4.671252,SCLC,1.423314
KU-55933,NCIH1963,5.103613,SCLC,4.117588
LCL161,NCIH1963,4.870238,SCLC,5.196385
LGK974,NCIH1963,4.315960,SCLC,2.712382
LY2109761,NCIH1963,4.985280,SCLC,4.159941
Lapatinib,NCIH1963,4.415205,SCLC,2.364759
Leflunomide,NCIH1963,4.944274,SCLC,5.231254
Lenalidomide,NCIH1963,5.048262,SCLC,5.357789
Lestaurtinib,NCIH1963,0.246834,SCLC,-1.450103
Linsitinib,NCIH1963,3.257137,SCLC,3.090690
Luminespib,NCIH1963,-0.591615,SCLC,-3.297620
MG-132,NCIH1963,-1.198638,SCLC,-1.004889
MIRA-1,NCIH1963,5.070128,SCLC,5.389727
MK-1775,NCIH1963,0.175788,SCLC,-0.339999
MK-2206,NCIH1963,3.685733,SCLC,3.536190
ML323,NCIH1963,4.655993,SCLC,2.672414
MN-64,NCIH1963,4.871004,SCLC,2.865933
Mirin,NCIH1963,4.384685,SCLC,6.590345
Motesanib,NCIH1963,5.675537,SCLC,4.698238
NU7441,NCIH1963,3.928864,SCLC,3.933047
NVP-ADW742,NCIH1963,2.944029,SCLC,2.233261
Navitoclax,NCIH1963,-0.684435,SCLC,-3.076101
Nilotinib,NCIH1963,4.208946,SCLC,3.174187
Niraparib,NCIH1963,3.117713,SCLC,3.506262
Nutlin-3a (-),NCIH1963,4.928409,SCLC,4.620889
OF-1,NCIH1963,4.523993,SCLC,2.096812
OSI-027,NCIH1963,3.328294,SCLC,4.337546
OTX015,NCIH1963,3.705405,SCLC,5.050228
Olaparib,NCIH1963,3.661720,SCLC,3.541626
Osimertinib,NCIH1963,1.739921,SCLC,1.000403
Oxaliplatin,NCIH1963,3.713621,SCLC,3.678872
P22077,NCIH1963,4.583871,SCLC,2.810209
PCI-34051,NCIH1963,4.184501,SCLC,3.869942
PD0325901,NCIH1963,3.300756,SCLC,2.290634
PD173074,NCIH1963,3.921707,SCLC,3.937928
PFI-1,NCIH1963,4.301498,SCLC,3.142578
PFI3,NCIH1963,5.300494,SCLC,5.249993
PLX-4720,NCIH1963,4.956026,SCLC,4.956964
PRIMA-1MET,NCIH1963,3.955890,SCLC,3.071075
PRT062607,NCIH1963,3.585217,SCLC,4.446730
Paclitaxel,NCIH1963,-2.703129,SCLC,-3.832206
Palbociclib,NCIH1963,4.131394,SCLC,4.180942
Pevonedistat,NCIH1963,0.679310,SCLC,-3.098671
Picolinici-acid,NCIH1963,5.297373,SCLC,4.794951
Pictilisib,NCIH1963,2.755671,SCLC,2.938834
RO-3306,NCIH1963,2.705707,SCLC,2.194586
RVX-208,NCIH1963,5.011351,SCLC,5.127401
Refametinib,NCIH1963,4.424412,SCLC,4.118365
Ribociclib,NCIH1963,4.330128,SCLC,3.667750
Rucaparib,NCIH1963,3.841542,SCLC,3.578198
Ruxolitinib,NCIH1963,5.023202,SCLC,3.573226
SB216763,NCIH1963,5.226435,SCLC,4.952986
SB590885,NCIH1963,4.686057,SCLC,4.521328
SCH772984,NCIH1963,4.511411,SCLC,3.377435
SGC0946,NCIH1963,2.170321,SCLC,2.170814
SN-38,NCIH1963,-4.585735,SCLC,-4.604099
Sabutoclax,NCIH1963,-0.285730,SCLC,-1.793487
Savolitinib,NCIH1963,2.789890,SCLC,1.971505
Selumetinib,NCIH1963,5.184289,SCLC,5.208932
Sepantronium bromide,NCIH1963,-4.264031,SCLC,-4.865703
Serdemetan,NCIH1963,3.707265,SCLC,3.056209
Sorafenib,NCIH1963,2.656658,SCLC,1.077468
Staurosporine,NCIH1963,-2.054756,SCLC,-1.752548
Talazoparib,NCIH1963,1.715069,SCLC,3.404999
Tamoxifen,NCIH1963,4.357980,SCLC,2.649422
Tanespimycin,NCIH1963,2.172911,SCLC,-0.150311
Taselisib,NCIH1963,3.315842,SCLC,3.278449
Telomerase Inhibitor IX,NCIH1963,0.669412,SCLC,-1.604189
Temozolomide,NCIH1963,6.368166,SCLC,5.835663
Trametinib,NCIH1963,2.426029,SCLC,1.760647
Ulixertinib,NCIH1963,3.548554,SCLC,3.043402
Uprosertib,NCIH1963,4.028352,SCLC,4.201295
VE-822,NCIH1963,3.688969,SCLC,3.699082
Veliparib,NCIH1963,5.120970,SCLC,4.307682
Venetoclax,NCIH1963,1.581356,SCLC,-3.214138
Vismodegib,NCIH1963,5.101329,SCLC,4.862808
Vorinostat,NCIH1963,1.155493,SCLC,0.064386
WEHI-539,NCIH1963,3.606963,SCLC,-1.506392
WIKI4,NCIH1963,3.950123,SCLC,2.416891
WZ4003,NCIH1963,4.552401,SCLC,4.820798
Wnt-C59,NCIH1963,4.533952,SCLC,1.738098
XAV939,NCIH1963,4.343196,SCLC,4.831257
YK-4-279,NCIH1963,2.155450,SCLC,1.946954
ZM447439,NCIH1963,1.361359,SCLC,-0.234532
5-Fluorouracil,NCIH526,3.508241,SCLC,2.199228
ABT737,NCIH526,-2.748837,SCLC,-2.545526
AGI-5198,NCIH526,3.699947,SCLC,4.834197
AGI-6780,NCIH526,3.788381,SCLC,2.071847
AGK2,NCIH526,2.804438,SCLC,3.765725
AZ960,NCIH526,0.147039,SCLC,-0.116924
AZD3759,NCIH526,2.493528,SCLC,2.817461
AZD4547,NCIH526,1.152395,SCLC,3.127968
AZD5363,NCIH526,3.223736,SCLC,3.720848
AZD5582,NCIH526,1.591563,SCLC,1.752615
AZD6738,NCIH526,0.567733,SCLC,4.758818
AZD7762,NCIH526,-0.577518,SCLC,0.919555
AZD8186,NCIH526,3.523893,SCLC,3.632845
Afatinib,NCIH526,1.033266,SCLC,1.592269
Afuresertib,NCIH526,3.004775,SCLC,2.957972
Alpelisib,NCIH526,3.184716,SCLC,3.837750
Avagacestat,NCIH526,4.428739,SCLC,4.450674
Axitinib,NCIH526,0.417251,SCLC,0.818767
BMS-345541,NCIH526,2.316931,SCLC,2.212395
BMS-536924,NCIH526,1.691804,SCLC,2.674545
BMS-754807,NCIH526,-0.977221,SCLC,0.187923
Bortezomib,NCIH526,-5.510383,SCLC,-4.421346
Bosutinib,NCIH526,2.022663,SCLC,2.681641
Buparlisib,NCIH526,0.176916,SCLC,0.987368
CCT007093,NCIH526,4.558950,SCLC,4.585229
CZC24832,NCIH526,4.711004,SCLC,4.508728
Camptothecin,NCIH526,-5.146049,SCLC,-4.845681
Cediranib,NCIH526,1.525152,SCLC,2.870305
Crizotinib,NCIH526,0.652593,SCLC,1.537962
Cyclophosphamide,NCIH526,4.646141,SCLC,4.527271
Dactinomycin,NCIH526,-4.126884,SCLC,-2.434466
Dactolisib,NCIH526,-1.894897,SCLC,0.322827
Dasatinib,NCIH526,2.911170,SCLC,3.255488
Dinaciclib,NCIH526,-3.542723,SCLC,-3.808682
Docetaxel,NCIH526,-5.460578,SCLC,-5.038353
Doramapimod,NCIH526,4.502376,SCLC,4.940972
EHT-1864,NCIH526,3.227535,SCLC,3.250001
EPZ004777,NCIH526,4.643955,SCLC,4.109671
EPZ5676,NCIH526,4.921158,SCLC,5.115191
Entinostat,NCIH526,0.535454,SCLC,0.351749
Entospletinib,NCIH526,3.641253,SCLC,2.895012
Epirubicin,NCIH526,-1.845554,SCLC,-0.145733
Erlotinib,NCIH526,2.659131,SCLC,2.912879
Fulvestrant,NCIH526,2.977825,SCLC,3.037046
GDC0810,NCIH526,4.405749,SCLC,4.699397
GSK1904529A,NCIH526,3.670500,SCLC,3.082267
GSK2578215A,NCIH526,4.392881,SCLC,4.417688
GSK2606414,NCIH526,3.526432,SCLC,2.913971
GSK343,NCIH526,3.049470,SCLC,2.991239
GW441756,NCIH526,2.546787,SCLC,3.305685
Gefitinib,NCIH526,2.864253,SCLC,2.607787
Gemcitabine,NCIH526,-3.452105,SCLC,-1.811061
I-BET-762,NCIH526,3.570885,SCLC,-0.966445
I-BRD9,NCIH526,3.980920,SCLC,2.634291
IWP-2,NCIH526,2.184633,SCLC,1.711338
Ibrutinib,NCIH526,4.361018,SCLC,4.936892
Ipatasertib,NCIH526,3.687329,SCLC,3.882288
Irinotecan,NCIH526,0.192825,SCLC,-1.602118
JNK Inhibitor VIII,NCIH526,4.820579,SCLC,4.939971
JQ1,NCIH526,1.173055,SCLC,-1.663548
KRAS (G12C) Inhibitor-12,NCIH526,3.624196,SCLC,2.761203
KU-55933,NCIH526,4.282940,SCLC,4.554626
LCL161,NCIH526,4.553748,SCLC,4.932370
LGK974,NCIH526,3.933432,SCLC,2.007659
LY2109761,NCIH526,4.543384,SCLC,2.928068
Lapatinib,NCIH526,3.214397,SCLC,4.665953
Leflunomide,NCIH526,4.465595,SCLC,4.328657
Lenalidomide,NCIH526,4.345095,SCLC,4.763700
Lestaurtinib,NCIH526,-1.668100,SCLC,-1.578207
Linsitinib,NCIH526,2.671789,SCLC,3.826810
Luminespib,NCIH526,-2.020303,SCLC,-1.006420
MG-132,NCIH526,-1.301196,SCLC,-1.192539
MIRA-1,NCIH526,4.309615,SCLC,4.774784
MK-1775,NCIH526,-0.724549,SCLC,-0.009786
MK-2206,NCIH526,2.839857,SCLC,3.811037
ML323,NCIH526,4.147943,SCLC,2.516391
MN-64,NCIH526,4.075019,SCLC,3.697933
Mirin,NCIH526,4.093535,SCLC,4.918605
Motesanib,NCIH526,4.838099,SCLC,4.719507
NU7441,NCIH526,2.565055,SCLC,3.017819
NVP-ADW742,NCIH526,1.713259,SCLC,2.697792
Navitoclax,NCIH526,-2.620544,SCLC,-1.913380
Nilotinib,NCIH526,3.020346,SCLC,2.664366
Niraparib,NCIH526,2.129664,SCLC,1.252064
Nutlin-3a (-),NCIH526,4.580024,SCLC,4.799553
OF-1,NCIH526,3.939116,SCLC,2.089588
OSI-027,NCIH526,2.265535,SCLC,4.367020
OTX015,NCIH526,2.306969,SCLC,-2.412613
Olaparib,NCIH526,2.031497,SCLC,2.856011
Osimertinib,NCIH526,1.032332,SCLC,2.182404
Oxaliplatin,NCIH526,2.088152,SCLC,2.044998
P22077,NCIH526,3.385643,SCLC,4.940972
PCI-34051,NCIH526,3.106165,SCLC,3.087423
PD0325901,NCIH526,2.788532,SCLC,2.625691
PD173074,NCIH526,2.021947,SCLC,4.770515
PFI-1,NCIH526,3.738936,SCLC,3.437289
PFI3,NCIH526,4.683341,SCLC,4.881021
PLX-4720,NCIH526,4.420067,SCLC,3.348848
PRIMA-1MET,NCIH526,3.266933,SCLC,6.009737
PRT062607,NCIH526,2.683255,SCLC,2.801062
Paclitaxel,NCIH526,-4.313172,SCLC,-4.299135
Palbociclib,NCIH526,1.974685,SCLC,4.330783
Pevonedistat,NCIH526,-1.686979,SCLC,-1.977756
Picolinici-acid,NCIH526,4.747516,SCLC,3.509534
Pictilisib,NCIH526,1.286815,SCLC,3.684767
RO-3306,NCIH526,1.758667,SCLC,3.467418
RVX-208,NCIH526,4.441346,SCLC,1.970459
Refametinib,NCIH526,3.198973,SCLC,4.835301
Ribociclib,NCIH526,3.103567,SCLC,3.498079
Rucaparib,NCIH526,2.602906,SCLC,3.476752
Ruxolitinib,NCIH526,4.139305,SCLC,2.593905
SB216763,NCIH526,4.596357,SCLC,4.939912
SB590885,NCIH526,3.639392,SCLC,4.175473
SCH772984,NCIH526,3.950200,SCLC,4.064227
SGC0946,NCIH526,1.776927,SCLC,1.926910
SN-38,NCIH526,-6.091616,SCLC,-6.480038
Sabutoclax,NCIH526,-1.286595,SCLC,-0.918476
Savolitinib,NCIH526,1.752598,SCLC,1.958897
Selumetinib,NCIH526,4.627436,SCLC,5.088089
Sepantronium bromide,NCIH526,-4.802103,SCLC,-3.686503
Serdemetan,NCIH526,2.461000,SCLC,3.670289
Sorafenib,NCIH526,1.656044,SCLC,1.289069
Staurosporine,NCIH526,-2.931873,SCLC,-3.485347
Talazoparib,NCIH526,-2.155980,SCLC,1.607360
Tamoxifen,NCIH526,3.039716,SCLC,3.837450
Tanespimycin,NCIH526,1.490240,SCLC,-0.131331
Taselisib,NCIH526,1.352537,SCLC,4.136393
Telomerase Inhibitor IX,NCIH526,0.190219,SCLC,-0.417690
Temozolomide,NCIH526,5.822006,SCLC,6.087408
Trametinib,NCIH526,1.883551,SCLC,2.852055
Ulixertinib,NCIH526,3.162160,SCLC,4.142594
Uprosertib,NCIH526,3.507780,SCLC,3.630161
VE-822,NCIH526,2.008368,SCLC,2.712431
Veliparib,NCIH526,4.296579,SCLC,4.823655
Venetoclax,NCIH526,-1.873710,SCLC,-0.897788
Vismodegib,NCIH526,4.423303,SCLC,4.940972
Vorinostat,NCIH526,0.604329,SCLC,0.827514
WEHI-539,NCIH526,1.849545,SCLC,2.711856
WIKI4,NCIH526,3.156094,SCLC,4.152582
WZ4003,NCIH526,3.560715,SCLC,2.996072
Wnt-C59,NCIH526,3.707488,SCLC,2.133816
XAV939,NCIH526,3.980450,SCLC,2.698588
YK-4-279,NCIH526,0.776962,SCLC,2.836383
ZM447439,NCIH526,-0.232929,SCLC,2.276241
5-Fluorouracil,CHAGOK1,5.894975,NSCLC,4.569442
ABT737,CHAGOK1,2.564241,NSCLC,3.563814
AGI-5198,CHAGOK1,4.514820,NSCLC,3.809299
AGI-6780,CHAGOK1,4.431222,NSCLC,4.399959
AGK2,CHAGOK1,3.240674,NSCLC,2.548914
AZ960,CHAGOK1,2.977335,NSCLC,3.669145
AZD3759,CHAGOK1,1.619260,NSCLC,1.526750
AZD4547,CHAGOK1,3.493947,NSCLC,4.591859
AZD5363,CHAGOK1,3.563082,NSCLC,2.987233
AZD5582,CHAGOK1,2.700043,NSCLC,2.114447
AZD6738,CHAGOK1,2.452287,NSCLC,2.911168
AZD7762,CHAGOK1,1.139225,NSCLC,0.727099
AZD8186,CHAGOK1,3.593222,NSCLC,2.576062
Afatinib,CHAGOK1,-0.467499,NSCLC,2.948399
Afuresertib,CHAGOK1,3.122589,NSCLC,2.213763
Alpelisib,CHAGOK1,3.432866,NSCLC,3.695600
Avagacestat,CHAGOK1,5.261995,NSCLC,3.723991
Axitinib,CHAGOK1,3.383715,NSCLC,3.378187
BMS-345541,CHAGOK1,3.930718,NSCLC,3.102781
BMS-536924,CHAGOK1,2.621698,NSCLC,3.860143
BMS-754807,CHAGOK1,2.772964,NSCLC,2.181030
Bortezomib,CHAGOK1,-4.900267,NSCLC,-3.296726
Bosutinib,CHAGOK1,2.634729,NSCLC,3.916068
Buparlisib,CHAGOK1,1.598181,NSCLC,0.722969
CCT007093,CHAGOK1,5.223042,NSCLC,3.750846
CZC24832,CHAGOK1,5.404944,NSCLC,4.956107
Camptothecin,CHAGOK1,-1.344864,NSCLC,0.533855
Cediranib,CHAGOK1,2.499457,NSCLC,3.342266
Crizotinib,CHAGOK1,3.597367,NSCLC,3.086560
Cyclophosphamide,CHAGOK1,5.633223,NSCLC,5.147860
Dactinomycin,CHAGOK1,-2.489579,NSCLC,-4.707119
Dactolisib,CHAGOK1,-0.045282,NSCLC,0.482026
Dasatinib,CHAGOK1,1.942803,NSCLC,3.190523
Dinaciclib,CHAGOK1,-2.689451,NSCLC,-3.186909
Docetaxel,CHAGOK1,-2.861007,NSCLC,-4.440499
Doramapimod,CHAGOK1,5.387690,NSCLC,3.263429
EHT-1864,CHAGOK1,3.289474,NSCLC,2.828520
EPZ004777,CHAGOK1,5.819278,NSCLC,4.021079
EPZ5676,CHAGOK1,6.344639,NSCLC,4.083725
Entinostat,CHAGOK1,2.813618,NSCLC,3.167627
Entospletinib,CHAGOK1,3.933119,NSCLC,4.137014
Epirubicin,CHAGOK1,0.005341,NSCLC,-0.478148
Erlotinib,CHAGOK1,1.892982,NSCLC,4.556587
Fulvestrant,CHAGOK1,3.730632,NSCLC,3.229421
GDC0810,CHAGOK1,5.187423,NSCLC,4.708848
GSK1904529A,CHAGOK1,4.506722,NSCLC,4.672158
GSK2578215A,CHAGOK1,5.296900,NSCLC,5.061228
GSK2606414,CHAGOK1,4.020589,NSCLC,4.867774
GSK343,CHAGOK1,3.882639,NSCLC,3.049636
GW441756,CHAGOK1,3.280675,NSCLC,3.464708
Gefitinib,CHAGOK1,2.172788,NSCLC,3.781468
Gemcitabine,CHAGOK1,2.617393,NSCLC,3.698076
I-BET-762,CHAGOK1,4.074350,NSCLC,3.899441
I-BRD9,CHAGOK1,4.952187,NSCLC,3.618418
IWP-2,CHAGOK1,2.984620,NSCLC,2.943606
Ibrutinib,CHAGOK1,1.774173,NSCLC,3.500775
Ipatasertib,CHAGOK1,4.076510,NSCLC,3.717394
Irinotecan,CHAGOK1,3.554269,NSCLC,5.044370
JNK Inhibitor VIII,CHAGOK1,5.590122,NSCLC,4.418213
JQ1,CHAGOK1,2.984072,NSCLC,2.220600
KRAS (G12C) Inhibitor-12,CHAGOK1,5.349416,NSCLC,4.614790
KU-55933,CHAGOK1,5.288787,NSCLC,5.530563
LCL161,CHAGOK1,4.984083,NSCLC,4.331604
LGK974,CHAGOK1,3.934731,NSCLC,5.110368
LY2109761,CHAGOK1,5.497651,NSCLC,4.070643
Lapatinib,CHAGOK1,2.204904,NSCLC,3.846474
Leflunomide,CHAGOK1,5.149644,NSCLC,5.605160
Lenalidomide,CHAGOK1,5.786499,NSCLC,5.443445
Lestaurtinib,CHAGOK1,0.979431,NSCLC,0.792011
Linsitinib,CHAGOK1,4.096065,NSCLC,3.565386
Luminespib,CHAGOK1,-1.411421,NSCLC,-1.243679
MG-132,CHAGOK1,-1.121442,NSCLC,-0.552766
MIRA-1,CHAGOK1,5.874889,NSCLC,4.256942
MK-1775,CHAGOK1,0.693299,NSCLC,0.553005
MK-2206,CHAGOK1,3.455828,NSCLC,4.203314
ML323,CHAGOK1,4.128327,NSCLC,3.579956
MN-64,CHAGOK1,4.860415,NSCLC,3.652587
Mirin,CHAGOK1,5.292768,NSCLC,5.210506
Motesanib,CHAGOK1,5.669926,NSCLC,5.532584
NU7441,CHAGOK1,3.549237,NSCLC,3.171191
NVP-ADW742,CHAGOK1,3.508862,NSCLC,3.817541
Navitoclax,CHAGOK1,2.440071,NSCLC,2.712220
Nilotinib,CHAGOK1,4.156449,NSCLC,2.636923
Niraparib,CHAGOK1,4.951859,NSCLC,4.749528
Nutlin-3a (-),CHAGOK1,6.036888,NSCLC,4.704478
OF-1,CHAGOK1,4.189145,NSCLC,3.604362
OSI-027,CHAGOK1,2.860468,NSCLC,3.633004
OTX015,CHAGOK1,2.934080,NSCLC,2.404388
Olaparib,CHAGOK1,4.629190,NSCLC,5.559225
Osimertinib,CHAGOK1,0.176358,NSCLC,2.038667
Oxaliplatin,CHAGOK1,5.057968,NSCLC,4.397251
P22077,CHAGOK1,4.914202,NSCLC,5.533133
PCI-34051,CHAGOK1,5.151949,NSCLC,4.063203
PD0325901,CHAGOK1,2.109738,NSCLC,4.359828
PD173074,CHAGOK1,4.632881,NSCLC,4.724197
PFI-1,CHAGOK1,4.298995,NSCLC,4.952317
PFI3,CHAGOK1,5.477183,NSCLC,5.533133
PLX-4720,CHAGOK1,4.833459,NSCLC,3.092865
PRIMA-1MET,CHAGOK1,5.673325,NSCLC,5.213208
PRT062607,CHAGOK1,3.971383,NSCLC,4.311551
Paclitaxel,CHAGOK1,-2.195514,NSCLC,-3.999079
Palbociclib,CHAGOK1,4.444133,NSCLC,4.839199
Pevonedistat,CHAGOK1,1.944313,NSCLC,1.914842
Picolinici-acid,CHAGOK1,5.546662,NSCLC,5.529618
Pictilisib,CHAGOK1,1.203164,NSCLC,1.809491
RO-3306,CHAGOK1,4.198289,NSCLC,3.308589
RVX-208,CHAGOK1,5.277552,NSCLC,4.697183
Refametinib,CHAGOK1,2.577841,NSCLC,3.964557
Ribociclib,CHAGOK1,4.086940,NSCLC,4.101754
Rucaparib,CHAGOK1,4.573281,NSCLC,4.705175
Ruxolitinib,CHAGOK1,5.548388,NSCLC,5.169647
SB216763,CHAGOK1,5.253893,NSCLC,5.524800
SB590885,CHAGOK1,4.749002,NSCLC,4.825777
SCH772984,CHAGOK1,2.911987,NSCLC,3.177650
SGC0946,CHAGOK1,2.269670,NSCLC,2.352893
SN-38,CHAGOK1,-1.009672,NSCLC,0.698284
Sabutoclax,CHAGOK1,0.469069,NSCLC,0.043204
Savolitinib,CHAGOK1,2.563301,NSCLC,3.230548
Selumetinib,CHAGOK1,4.628284,NSCLC,5.463764
Sepantronium bromide,CHAGOK1,-3.724611,NSCLC,-3.339310
Serdemetan,CHAGOK1,4.324445,NSCLC,3.714843
Sorafenib,CHAGOK1,2.726757,NSCLC,2.654397
Staurosporine,CHAGOK1,-2.171466,NSCLC,-1.995733
Talazoparib,CHAGOK1,4.451152,NSCLC,3.645717
Tamoxifen,CHAGOK1,3.760227,NSCLC,5.533133
Tanespimycin,CHAGOK1,0.400826,NSCLC,1.474112
Taselisib,CHAGOK1,1.337227,NSCLC,3.756692
Telomerase Inhibitor IX,CHAGOK1,1.437249,NSCLC,1.450788
Temozolomide,CHAGOK1,7.282646,NSCLC,6.252677
Trametinib,CHAGOK1,0.799840,NSCLC,2.664354
Ulixertinib,CHAGOK1,3.119964,NSCLC,4.447778
Uprosertib,CHAGOK1,3.712110,NSCLC,3.817305
VE-822,CHAGOK1,4.052160,NSCLC,3.967877
Veliparib,CHAGOK1,5.581928,NSCLC,5.495459
Venetoclax,CHAGOK1,2.800579,NSCLC,3.774309
Vismodegib,CHAGOK1,5.185606,NSCLC,4.476178
Vorinostat,CHAGOK1,2.067708,NSCLC,2.311199
WEHI-539,CHAGOK1,4.163412,NSCLC,3.803458
WIKI4,CHAGOK1,3.809300,NSCLC,3.766367
WZ4003,CHAGOK1,4.396475,NSCLC,5.251567
Wnt-C59,CHAGOK1,3.934663,NSCLC,3.731662
XAV939,CHAGOK1,4.512863,NSCLC,4.087044
YK-4-279,CHAGOK1,3.195555,NSCLC,1.760009
ZM447439,CHAGOK1,3.186764,NSCLC,3.385385
5-Fluorouracil,NCIH2172,5.422523,NSCLC,5.687018
ABT737,NCIH2172,2.752044,NSCLC,3.251260
AGI-5198,NCIH2172,4.472248,NSCLC,5.512825
AGI-6780,NCIH2172,4.194870,NSCLC,4.429559
AGK2,NCIH2172,3.039272,NSCLC,3.873462
AZ960,NCIH2172,2.528493,NSCLC,2.748858
AZD3759,NCIH2172,2.648953,NSCLC,2.790907
AZD4547,NCIH2172,2.818366,NSCLC,5.469225
AZD5363,NCIH2172,3.339371,NSCLC,3.943688
AZD5582,NCIH2172,1.671595,NSCLC,4.039349
AZD6738,NCIH2172,2.523158,NSCLC,3.066773
AZD7762,NCIH2172,0.887757,NSCLC,1.314243
AZD8186,NCIH2172,3.691706,NSCLC,4.971899
Afatinib,NCIH2172,1.923874,NSCLC,4.360468
Afuresertib,NCIH2172,2.991687,NSCLC,2.799468
Alpelisib,NCIH2172,3.571495,NSCLC,4.181319
Avagacestat,NCIH2172,4.853743,NSCLC,4.735557
Axitinib,NCIH2172,3.276690,NSCLC,4.124071
BMS-345541,NCIH2172,3.193646,NSCLC,3.323341
BMS-536924,NCIH2172,2.418386,NSCLC,2.629465
BMS-754807,NCIH2172,3.339922,NSCLC,2.203830
Bortezomib,NCIH2172,-5.085918,NSCLC,-0.905741
Bosutinib,NCIH2172,2.879879,NSCLC,4.073645
Buparlisib,NCIH2172,1.444272,NSCLC,2.656426
CCT007093,NCIH2172,5.001756,NSCLC,5.493597
CZC24832,NCIH2172,5.171386,NSCLC,5.445996
Camptothecin,NCIH2172,-0.826937,NSCLC,1.013890
Cediranib,NCIH2172,2.569843,NSCLC,3.672836
Crizotinib,NCIH2172,3.376410,NSCLC,3.839431
Cyclophosphamide,NCIH2172,5.327525,NSCLC,5.542464
Dactinomycin,NCIH2172,-2.518553,NSCLC,-1.852071
Dactolisib,NCIH2172,-1.041459,NSCLC,-0.630535
Dasatinib,NCIH2172,1.281384,NSCLC,3.900506
Dinaciclib,NCIH2172,-2.822958,NSCLC,-1.159497
Docetaxel,NCIH2172,-2.661036,NSCLC,-2.544490
Doramapimod,NCIH2172,5.311383,NSCLC,5.153237
EHT-1864,NCIH2172,3.279075,NSCLC,3.367476
EPZ004777,NCIH2172,5.507759,NSCLC,5.450548
EPZ5676,NCIH2172,5.804532,NSCLC,5.442014
Entinostat,NCIH2172,2.862748,NSCLC,1.631973
Entospletinib,NCIH2172,3.733256,NSCLC,3.884034
Epirubicin,NCIH2172,0.060832,NSCLC,1.956550
Erlotinib,NCIH2172,3.202237,NSCLC,4.087550
Fulvestrant,NCIH2172,3.569345,NSCLC,3.384468
GDC0810,NCIH2172,4.803191,NSCLC,5.753837
GSK1904529A,NCIH2172,4.075200,NSCLC,3.519664
GSK2578215A,NCIH2172,4.800073,NSCLC,4.222475
GSK2606414,NCIH2172,3.792612,NSCLC,4.461330
GSK343,NCIH2172,3.699813,NSCLC,2.689734
GW441756,NCIH2172,3.022997,NSCLC,4.101368
Gefitinib,NCIH2172,3.554830,NSCLC,3.639299
Gemcitabine,NCIH2172,2.616436,NSCLC,3.365235
I-BET-762,NCIH2172,3.407726,NSCLC,5.489915
I-BRD9,NCIH2172,4.423748,NSCLC,5.036311
IWP-2,NCIH2172,3.001575,NSCLC,3.254124
Ibrutinib,NCIH2172,4.658596,NSCLC,4.103121
Ipatasertib,NCIH2172,4.090446,NSCLC,4.930217
Irinotecan,NCIH2172,4.275835,NSCLC,3.442071
JNK Inhibitor VIII,NCIH2172,5.419224,NSCLC,3.998984
JQ1,NCIH2172,2.769661,NSCLC,3.576004
KRAS (G12C) Inhibitor-12,NCIH2172,4.712917,NSCLC,5.295167
KU-55933,NCIH2172,4.849892,NSCLC,5.764910
LCL161,NCIH2172,4.675574,NSCLC,4.567016
LGK974,NCIH2172,3.561703,NSCLC,4.994737
LY2109761,NCIH2172,5.290584,NSCLC,5.158368
Lapatinib,NCIH2172,3.952282,NSCLC,5.516213
Leflunomide,NCIH2172,4.970152,NSCLC,6.098777
Lenalidomide,NCIH2172,5.469972,NSCLC,5.745019
Lestaurtinib,NCIH2172,1.342002,NSCLC,3.755819
Linsitinib,NCIH2172,4.393616,NSCLC,3.653770
Luminespib,NCIH2172,-0.648294,NSCLC,0.511506
MG-132,NCIH2172,-1.251611,NSCLC,0.353992
MIRA-1,NCIH2172,5.602193,NSCLC,3.619607
MK-1775,NCIH2172,0.838035,NSCLC,0.801991
MK-2206,NCIH2172,3.456453,NSCLC,3.818119
ML323,NCIH2172,4.073029,NSCLC,4.517694
MN-64,NCIH2172,4.343996,NSCLC,3.502476
Mirin,NCIH2172,5.135997,NSCLC,6.475581
Motesanib,NCIH2172,5.325191,NSCLC,5.655602
NU7441,NCIH2172,3.141634,NSCLC,4.402361
NVP-ADW742,NCIH2172,3.321397,NSCLC,2.988434
Navitoclax,NCIH2172,2.617894,NSCLC,3.640007
Nilotinib,NCIH2172,3.405239,NSCLC,5.502563
Niraparib,NCIH2172,4.569236,NSCLC,5.095164
Nutlin-3a (-),NCIH2172,5.763206,NSCLC,4.500415
OF-1,NCIH2172,3.821627,NSCLC,2.726896
OSI-027,NCIH2172,2.563590,NSCLC,3.754790
OTX015,NCIH2172,2.357176,NSCLC,4.380741
Olaparib,NCIH2172,4.481726,NSCLC,4.843063
Osimertinib,NCIH2172,1.736524,NSCLC,1.354482
Oxaliplatin,NCIH2172,5.292252,NSCLC,5.266801
P22077,NCIH2172,4.754527,NSCLC,4.889123
PCI-34051,NCIH2172,4.556578,NSCLC,5.677832
PD0325901,NCIH2172,2.618689,NSCLC,3.684250
PD173074,NCIH2172,4.424395,NSCLC,4.137598
PFI-1,NCIH2172,4.043012,NSCLC,5.206297
PFI3,NCIH2172,5.063207,NSCLC,5.764910
PLX-4720,NCIH2172,4.503765,NSCLC,4.876613
PRIMA-1MET,NCIH2172,5.564601,NSCLC,6.067089
PRT062607,NCIH2172,3.377511,NSCLC,4.755784
Paclitaxel,NCIH2172,-2.057513,NSCLC,-1.195961
Palbociclib,NCIH2172,4.039461,NSCLC,4.773459
Pevonedistat,NCIH2172,2.084653,NSCLC,5.227280
Picolinici-acid,NCIH2172,5.307527,NSCLC,5.618595
Pictilisib,NCIH2172,1.673140,NSCLC,2.993758
RO-3306,NCIH2172,3.591823,NSCLC,4.472521
RVX-208,NCIH2172,5.006055,NSCLC,5.114550
Refametinib,NCIH2172,3.190249,NSCLC,3.425544
Ribociclib,NCIH2172,4.145921,NSCLC,3.806317
Rucaparib,NCIH2172,4.338222,NSCLC,4.050456
Ruxolitinib,NCIH2172,4.926748,NSCLC,4.200720
SB216763,NCIH2172,5.204545,NSCLC,5.532933
SB590885,NCIH2172,4.603936,NSCLC,5.069096
SCH772984,NCIH2172,3.179428,NSCLC,4.584725
SGC0946,NCIH2172,2.244576,NSCLC,2.749625
SN-38,NCIH2172,2.943682,NSCLC,2.611981
Sabutoclax,NCIH2172,0.601013,NSCLC,1.347971
Savolitinib,NCIH2172,2.344622,NSCLC,3.184879
Selumetinib,NCIH2172,4.618784,NSCLC,5.654075
Sepantronium bromide,NCIH2172,-3.896218,NSCLC,-3.723014
Serdemetan,NCIH2172,4.172396,NSCLC,4.462770
Sorafenib,NCIH2172,2.555485,NSCLC,2.632574
Staurosporine,NCIH2172,-2.425287,NSCLC,-1.373870
Talazoparib,NCIH2172,4.240948,NSCLC,3.328273
Tamoxifen,NCIH2172,3.754465,NSCLC,4.059553
Tanespimycin,NCIH2172,-0.139128,NSCLC,1.257183
Taselisib,NCIH2172,1.944571,NSCLC,4.993882
Telomerase Inhibitor IX,NCIH2172,1.673458,NSCLC,3.327036
Temozolomide,NCIH2172,7.115676,NSCLC,6.332767
Trametinib,NCIH2172,1.625229,NSCLC,1.031886
Ulixertinib,NCIH2172,3.038825,NSCLC,3.861329
Uprosertib,NCIH2172,3.522598,NSCLC,5.408566
VE-822,NCIH2172,3.681607,NSCLC,5.012001
Veliparib,NCIH2172,5.266234,NSCLC,5.612096
Venetoclax,NCIH2172,2.963032,NSCLC,2.608937
Vismodegib,NCIH2172,4.770743,NSCLC,5.282803
Vorinostat,NCIH2172,2.172542,NSCLC,2.708727
WEHI-539,NCIH2172,4.352142,NSCLC,3.926019
WIKI4,NCIH2172,3.860890,NSCLC,3.118255
WZ4003,NCIH2172,3.965546,NSCLC,5.460991
Wnt-C59,NCIH2172,3.751163,NSCLC,4.883264
XAV939,NCIH2172,4.192584,NSCLC,5.031019
YK-4-279,NCIH2172,2.714288,NSCLC,3.637627
ZM447439,NCIH2172,3.371628,NSCLC,3.057493
5-Fluorouracil,LU135,4.503015,SCLC,4.140981
ABT737,LU135,-0.445916,SCLC,-1.109456
AGI-5198,LU135,4.167665,SCLC,5.173997
AGI-6780,LU135,4.360424,SCLC,4.542143
AGK2,LU135,3.073081,SCLC,2.791257
AZ960,LU135,0.769404,SCLC,1.817084
AZD3759,LU135,2.630242,SCLC,3.162003
AZD4547,LU135,2.641779,SCLC,3.354787
AZD5363,LU135,2.550301,SCLC,4.641336
AZD5582,LU135,2.423853,SCLC,0.885290
AZD6738,LU135,1.086400,SCLC,2.663900
AZD7762,LU135,-0.243201,SCLC,0.734161
AZD8186,LU135,3.584234,SCLC,4.355466
Afatinib,LU135,1.628755,SCLC,0.855264
Afuresertib,LU135,2.015838,SCLC,4.352792
Alpelisib,LU135,3.274814,SCLC,3.621370
Avagacestat,LU135,4.717621,SCLC,4.526456
Axitinib,LU135,1.055724,SCLC,0.928076
BMS-345541,LU135,2.855856,SCLC,3.200193
BMS-536924,LU135,2.596993,SCLC,2.672787
BMS-754807,LU135,-0.504705,SCLC,-0.985451
Bortezomib,LU135,-5.071207,SCLC,-4.409114
Bosutinib,LU135,3.045243,SCLC,2.661465
Buparlisib,LU135,0.809377,SCLC,1.116295
CCT007093,LU135,4.762773,SCLC,4.717566
CZC24832,LU135,5.134021,SCLC,5.274074
Camptothecin,LU135,-4.178453,SCLC,-3.065622
Cediranib,LU135,1.884632,SCLC,2.731037
Crizotinib,LU135,1.395634,SCLC,0.733136
Cyclophosphamide,LU135,4.990927,SCLC,5.324112
Dactinomycin,LU135,-4.260746,SCLC,-2.499824
Dactolisib,LU135,-1.626569,SCLC,-0.616435
Dasatinib,LU135,3.475148,SCLC,3.810553
Dinaciclib,LU135,-2.911284,SCLC,-0.083877
Docetaxel,LU135,-4.485832,SCLC,-5.116641
Doramapimod,LU135,4.620761,SCLC,5.363185
EHT-1864,LU135,3.012669,SCLC,4.397002
EPZ004777,LU135,4.811632,SCLC,5.590904
EPZ5676,LU135,5.166962,SCLC,5.389897
Entinostat,LU135,0.592435,SCLC,1.547827
Entospletinib,LU135,4.254728,SCLC,4.546772
Epirubicin,LU135,-1.430492,SCLC,-1.497863
Erlotinib,LU135,3.414793,SCLC,4.251925
Fulvestrant,LU135,3.006251,SCLC,3.746631
GDC0810,LU135,4.732255,SCLC,5.327022
GSK1904529A,LU135,4.197686,SCLC,4.088026
GSK2578215A,LU135,4.714131,SCLC,5.116058
GSK2606414,LU135,3.982388,SCLC,4.780423
GSK343,LU135,3.458002,SCLC,3.120771
GW441756,LU135,3.019388,SCLC,0.388557
Gefitinib,LU135,3.109085,SCLC,3.228728
Gemcitabine,LU135,-2.930665,SCLC,-0.939428
I-BET-762,LU135,3.621279,SCLC,3.741849
I-BRD9,LU135,4.499312,SCLC,4.316513
IWP-2,LU135,2.497543,SCLC,2.843666
Ibrutinib,LU135,4.595434,SCLC,4.601770
Ipatasertib,LU135,3.348098,SCLC,4.128622
Irinotecan,LU135,-0.559686,SCLC,2.184308
JNK Inhibitor VIII,LU135,5.087053,SCLC,5.370282
JQ1,LU135,1.333997,SCLC,-0.181938
KRAS (G12C) Inhibitor-12,LU135,4.332583,SCLC,4.660555
KU-55933,LU135,4.692084,SCLC,4.742686
LCL161,LU135,4.499272,SCLC,5.106220
LGK974,LU135,4.034395,SCLC,4.372664
LY2109761,LU135,4.682459,SCLC,5.112615
Lapatinib,LU135,3.752970,SCLC,2.563656
Leflunomide,LU135,4.855004,SCLC,5.675008
Lenalidomide,LU135,5.000274,SCLC,4.384324
Lestaurtinib,LU135,-0.632170,SCLC,-1.858805
Linsitinib,LU135,3.640304,SCLC,3.163458
Luminespib,LU135,-2.000732,SCLC,-0.297299
MG-132,LU135,-1.255722,SCLC,-0.991079
MIRA-1,LU135,5.058570,SCLC,2.697280
MK-1775,LU135,-0.222345,SCLC,0.352933
MK-2206,LU135,2.430818,SCLC,1.967209
ML323,LU135,4.422431,SCLC,5.224004
MN-64,LU135,4.617653,SCLC,4.146539
Mirin,LU135,4.314851,SCLC,5.530094
Motesanib,LU135,5.032400,SCLC,4.620330
NU7441,LU135,2.866533,SCLC,1.441211
NVP-ADW742,LU135,2.160539,SCLC,0.871920
Navitoclax,LU135,-0.440237,SCLC,-2.220102
Nilotinib,LU135,3.667314,SCLC,2.260903
Niraparib,LU135,2.634507,SCLC,4.574437
Nutlin-3a (-),LU135,4.939695,SCLC,4.251637
OF-1,LU135,3.877543,SCLC,4.661212
OSI-027,LU135,3.566088,SCLC,3.036503
OTX015,LU135,2.421524,SCLC,2.535247
Olaparib,LU135,2.338044,SCLC,3.561588
Osimertinib,LU135,1.499922,SCLC,2.726514
Oxaliplatin,LU135,3.545223,SCLC,3.924089
P22077,LU135,3.764091,SCLC,2.921859
PCI-34051,LU135,4.126077,SCLC,4.271663
PD0325901,LU135,3.621654,SCLC,3.357444
PD173074,LU135,3.980364,SCLC,3.385420
PFI-1,LU135,4.154346,SCLC,3.901055
PFI3,LU135,4.901198,SCLC,5.367152
PLX-4720,LU135,4.693316,SCLC,5.246761
PRIMA-1MET,LU135,4.570807,SCLC,5.059332
PRT062607,LU135,3.637998,SCLC,3.042627
Paclitaxel,LU135,-3.351198,SCLC,-4.150478
Palbociclib,LU135,3.545196,SCLC,3.744968
Pevonedistat,LU135,-0.786502,SCLC,0.512541
Picolinici-acid,LU135,5.104298,SCLC,5.347283
Pictilisib,LU135,0.940379,SCLC,1.470486
RO-3306,LU135,2.255868,SCLC,1.777755
RVX-208,LU135,4.816303,SCLC,5.338233
Refametinib,LU135,4.222619,SCLC,4.586628
Ribociclib,LU135,3.847344,SCLC,2.458082
Rucaparib,LU135,3.426710,SCLC,2.857536
Ruxolitinib,LU135,4.940055,SCLC,5.310197
SB216763,LU135,4.879689,SCLC,3.931214
SB590885,LU135,4.359591,SCLC,2.775631
SCH772984,LU135,4.365351,SCLC,4.197435
SGC0946,LU135,1.950086,SCLC,2.099638
SN-38,LU135,-6.263311,SCLC,-4.976839
Sabutoclax,LU135,-0.445197,SCLC,-0.950949
Savolitinib,LU135,2.041267,SCLC,2.591407
Selumetinib,LU135,4.923463,SCLC,5.073707
Sepantronium bromide,LU135,-3.492672,SCLC,-4.840072
Serdemetan,LU135,3.253678,SCLC,2.599354
Sorafenib,LU135,2.314082,SCLC,2.201462
Staurosporine,LU135,-2.697678,SCLC,-3.319320
Talazoparib,LU135,-1.651113,SCLC,2.696325
Tamoxifen,LU135,3.835484,SCLC,3.937003
Tanespimycin,LU135,1.152500,SCLC,-0.829399
Taselisib,LU135,1.305615,SCLC,2.158213
Telomerase Inhibitor IX,LU135,0.402153,SCLC,0.500292
Temozolomide,LU135,6.100729,SCLC,4.954497
Trametinib,LU135,2.497952,SCLC,2.149553
Ulixertinib,LU135,3.712919,SCLC,2.936494
Uprosertib,LU135,2.444560,SCLC,2.523230
VE-822,LU135,2.720214,SCLC,3.734683
Veliparib,LU135,4.922742,SCLC,4.741478
Venetoclax,LU135,1.313845,SCLC,3.063932
Vismodegib,LU135,4.577641,SCLC,4.341001
Vorinostat,LU135,1.168901,SCLC,0.686544
WEHI-539,LU135,2.926906,SCLC,-1.485386
WIKI4,LU135,3.636856,SCLC,3.278790
WZ4003,LU135,4.558319,SCLC,3.542809
Wnt-C59,LU135,4.024637,SCLC,5.237092
XAV939,LU135,4.322454,SCLC,5.333317
YK-4-279,LU135,1.555954,SCLC,2.417311
ZM447439,LU135,0.593346,SCLC,-0.213013
