#,drug,cell_line,prediction,OncotreeCode,Z-Score
1,5-Fluorouracil,HCC827,5.472933,LUAD,0.628404
2,5-Fluorouracil,PC14,5.870763,LUAD,0.859733
3,5-Fluorouracil,RERFLCSQ1,4.857307,LUSC,0.270432
4,5-Fluorouracil,NCIH2228,4.467947,LUAD,0.044028
5,5-Fluorouracil,NCIH2170,3.415473,LUSC,-0.567961
6,5-Fluorouracil,NCIH146,4.486487,SCLC,0.054809
7,5-Fluorouracil,NCIH1299,4.586978,LCLC,0.113242
8,5-Fluorouracil,LCLC103H,5.213707,LCLC,0.47767
9,5-Fluorouracil,NCIH1963,4.916737,SCLC,0.304989
10,5-Fluorouracil,NCIH526,3.508241,SCLC,-0.514018
11,5-Fluorouracil,CHAGOK1,5.894975,NSCLC,0.873811
12,5-Fluorouracil,NCIH2172,5.422523,NSCLC,0.599092
13,5-Fluorouracil,LU135,4.503015,SCLC,0.064419
14,ABT737,HCC827,2.832198,LUAD,0.465919
15,ABT737,PC14,2.635267,LUAD,0.370028
16,ABT737,RERFLCSQ1,2.684094,LUSC,0.393804
17,ABT737,NCIH2228,2.997342,LUAD,0.546333
18,ABT737,NCIH2170,2.606516,LUSC,0.356029
19,ABT737,NCIH146,0.860783,SCLC,-0.494017
20,ABT737,NCIH1299,2.953014,LCLC,0.524748
21,ABT737,LCLC103H,2.783107,LCLC,0.442016
22,ABT737,NCIH1963,-0.490078,SCLC,-1.151788
23,ABT737,NCIH526,-2.748837,SCLC,-2.25164
24,ABT737,CHAGOK1,2.564241,NSCLC,0.335444
25,ABT737,NCIH2172,2.752044,NSCLC,0.42689
26,ABT737,LU135,-0.445916,SCLC,-1.130284
27,AGI-5198,HCC827,5.063128,LUAD,0.395584
28,AGI-5198,PC14,4.940324,LUAD,0.260275
29,AGI-5198,RERFLCSQ1,4.826415,LUSC,0.134767
30,AGI-5198,NCIH2228,4.933392,LUAD,0.252637
31,AGI-5198,NCIH2170,4.612392,LUSC,-0.10105
32,AGI-5198,NCIH146,4.421701,SCLC,-0.311158
33,AGI-5198,NCIH1299,4.809783,LCLC,0.116441
34,AGI-5198,LCLC103H,5.005158,LCLC,0.331711
35,AGI-5198,NCIH1963,4.698273,SCLC,-0.006424
36,AGI-5198,NCIH526,3.699947,SCLC,-1.106407
37,AGI-5198,CHAGOK1,4.51482,NSCLC,-0.208557
38,AGI-5198,NCIH2172,4.472248,NSCLC,-0.255464
39,AGI-5198,LU135,4.167665,SCLC,-0.591062
40,AGI-6780,HCC827,4.925839,LUAD,0.534912
41,AGI-6780,PC14,4.966678,LUAD,0.572516
42,AGI-6780,RERFLCSQ1,4.462158,LUSC,0.107959
43,AGI-6780,NCIH2228,4.826574,LUAD,0.44351
44,AGI-6780,NCIH2170,4.235341,LUSC,-0.100892
45,AGI-6780,NCIH146,4.489536,SCLC,0.133168
46,AGI-6780,NCIH1299,4.624281,LCLC,0.25724
47,AGI-6780,LCLC103H,4.742843,LCLC,0.366411
48,AGI-6780,NCIH1963,4.708594,SCLC,0.334875
49,AGI-6780,NCIH526,3.788381,SCLC,-0.512449
50,AGI-6780,CHAGOK1,4.431222,NSCLC,0.079473
51,AGI-6780,NCIH2172,4.19487,NSCLC,-0.138157
52,AGI-6780,LU135,4.360424,SCLC,0.014283
53,AGK2,HCC827,3.713538,LUAD,0.484516
54,AGK2,PC14,3.288974,LUAD,0.026397
55,AGK2,RERFLCSQ1,3.176969,LUSC,-0.09446
56,AGK2,NCIH2228,3.495374,LUAD,0.24911
57,AGK2,NCIH2170,2.896377,LUSC,-0.397228
58,AGK2,NCIH146,3.299008,SCLC,0.037225
59,AGK2,NCIH1299,3.504475,LCLC,0.25893
60,AGK2,LCLC103H,3.318296,LCLC,0.058037
61,AGK2,NCIH1963,3.345045,SCLC,0.0869
62,AGK2,NCIH526,2.804438,SCLC,-0.496433
63,AGK2,CHAGOK1,3.240674,NSCLC,-0.02572
64,AGK2,NCIH2172,3.039272,NSCLC,-0.243039
65,AGK2,LU135,3.073081,SCLC,-0.206558
66,AZ960,HCC827,2.323411,LUAD,0.248096
67,AZ960,PC14,2.711848,LUAD,0.473394
68,AZ960,RERFLCSQ1,1.05447,LUSC,-0.487906
69,AZ960,NCIH2228,2.415889,LUAD,0.301734
70,AZ960,NCIH2170,1.917893,LUSC,0.01289
71,AZ960,NCIH146,0.863212,SCLC,-0.598838
72,AZ960,NCIH1299,2.524706,LCLC,0.364849
73,AZ960,LCLC103H,2.5399,LCLC,0.373662
74,AZ960,NCIH1963,1.260126,SCLC,-0.368623
75,AZ960,NCIH526,0.147039,SCLC,-1.014227
76,AZ960,CHAGOK1,2.977335,NSCLC,0.62738
77,AZ960,NCIH2172,2.528493,NSCLC,0.367046
78,AZ960,LU135,0.769404,SCLC,-0.653248
79,AZD3759,HCC827,2.359838,LUAD,-0.140469
80,AZD3759,PC14,2.689164,LUAD,0.163187
81,AZD3759,RERFLCSQ1,2.638169,LUSC,0.116167
82,AZD3759,NCIH2228,2.249098,LUAD,-0.242577
83,AZD3759,NCIH2170,2.12738,LUSC,-0.354808
84,AZD3759,NCIH146,2.677835,SCLC,0.152741
85,AZD3759,NCIH1299,3.11653,LCLC,0.557241
86,AZD3759,LCLC103H,2.895579,LCLC,0.353512
87,AZD3759,NCIH1963,2.757811,SCLC,0.226483
88,AZD3759,NCIH526,2.493528,SCLC,-0.0172
89,AZD3759,CHAGOK1,1.61926,NSCLC,-0.823322
90,AZD3759,NCIH2172,2.648953,NSCLC,0.12611
91,AZD3759,LU135,2.630242,SCLC,0.108858
92,AZD4547,HCC827,3.879657,LUAD,0.494529
93,AZD4547,PC14,3.476127,LUAD,0.242362
94,AZD4547,RERFLCSQ1,2.874094,LUSC,-0.133849
95,AZD4547,NCIH2228,3.979157,LUAD,0.556707
96,AZD4547,NCIH2170,1.854923,LUSC,-0.77073
97,AZD4547,NCIH146,3.120528,SCLC,0.020148
98,AZD4547,NCIH1299,3.301559,LCLC,0.133275
99,AZD4547,LCLC103H,3.366663,LCLC,0.173958
100,AZD4547,NCIH1963,2.936637,SCLC,-0.094766
101,AZD4547,NCIH526,1.152395,SCLC,-1.209741
102,AZD4547,CHAGOK1,3.493947,NSCLC,0.253498
103,AZD4547,NCIH2172,2.818366,NSCLC,-0.168673
104,AZD4547,LU135,2.641779,SCLC,-0.279023
105,AZD5363,HCC827,3.367161,LUAD,0.360179
106,AZD5363,PC14,3.110197,LUAD,0.181966
107,AZD5363,RERFLCSQ1,1.700078,LUSC,-0.795994
108,AZD5363,NCIH2228,3.0566,LUAD,0.144795
109,AZD5363,NCIH2170,2.499732,LUSC,-0.24141
110,AZD5363,NCIH146,3.506167,SCLC,0.456584
111,AZD5363,NCIH1299,4.111836,LCLC,0.876633
112,AZD5363,LCLC103H,2.890939,LCLC,0.029904
113,AZD5363,NCIH1963,4.053761,SCLC,0.836357
114,AZD5363,NCIH526,3.223736,SCLC,0.260709
115,AZD5363,CHAGOK1,3.563082,NSCLC,0.496056
116,AZD5363,NCIH2172,3.339371,NSCLC,0.340906
117,AZD5363,LU135,2.550301,SCLC,-0.206338
118,AZD5582,HCC827,1.523502,LUAD,-0.270738
119,AZD5582,PC14,2.843658,LUAD,0.292927
120,AZD5582,RERFLCSQ1,1.680095,LUSC,-0.203878
121,AZD5582,NCIH2228,3.195711,LUAD,0.443243
122,AZD5582,NCIH2170,0.892423,LUSC,-0.540189
123,AZD5582,NCIH146,2.487355,SCLC,0.140797
124,AZD5582,NCIH1299,1.848058,LCLC,-0.132163
125,AZD5582,LCLC103H,2.784138,LCLC,0.267514
126,AZD5582,NCIH1963,2.890704,SCLC,0.313015
127,AZD5582,NCIH526,1.591563,SCLC,-0.241678
128,AZD5582,CHAGOK1,2.700043,NSCLC,0.231608
129,AZD5582,NCIH2172,1.671595,NSCLC,-0.207507
130,AZD5582,LU135,2.423853,SCLC,0.113684
131,AZD6738,HCC827,2.339456,LUAD,0.193066
132,AZD6738,PC14,2.43933,LUAD,0.261395
133,AZD6738,RERFLCSQ1,1.950278,LUSC,-0.073191
134,AZD6738,NCIH2228,2.295603,LUAD,0.163064
135,AZD6738,NCIH2170,1.893872,LUSC,-0.111782
136,AZD6738,NCIH146,2.044087,SCLC,-0.009012
137,AZD6738,NCIH1299,2.691684,LCLC,0.434043
138,AZD6738,LCLC103H,2.658092,LCLC,0.411061
139,AZD6738,NCIH1963,2.452004,SCLC,0.270066
140,AZD6738,NCIH526,0.567733,SCLC,-1.019063
141,AZD6738,CHAGOK1,2.452287,NSCLC,0.270259
142,AZD6738,NCIH2172,2.523158,NSCLC,0.318746
143,AZD6738,LU135,1.0864,SCLC,-0.664215
144,AZD7762,HCC827,0.612362,LUAD,0.290348
145,AZD7762,PC14,0.452404,LUAD,0.186663
146,AZD7762,RERFLCSQ1,-0.407907,LUSC,-0.370994
147,AZD7762,NCIH2228,0.459294,LUAD,0.191129
148,AZD7762,NCIH2170,-0.181874,LUSC,-0.224479
149,AZD7762,NCIH146,0.737007,SCLC,0.371143
150,AZD7762,NCIH1299,0.656084,LCLC,0.318689
151,AZD7762,LCLC103H,0.543389,LCLC,0.245639
152,AZD7762,NCIH1963,0.098701,SCLC,-0.042609
153,AZD7762,NCIH526,-0.577518,SCLC,-0.480937
154,AZD7762,CHAGOK1,1.139225,NSCLC,0.631862
155,AZD7762,NCIH2172,0.887757,NSCLC,0.46886
156,AZD7762,LU135,-0.243201,SCLC,-0.264231
157,AZD8186,HCC827,3.186983,LUAD,0.037192
158,AZD8186,PC14,3.082723,LUAD,-0.037055
159,AZD8186,RERFLCSQ1,2.26586,LUSC,-0.61877
160,AZD8186,NCIH2228,2.872191,LUAD,-0.186982
161,AZD8186,NCIH2170,2.902347,LUSC,-0.165507
162,AZD8186,NCIH146,3.624047,SCLC,0.34844
163,AZD8186,NCIH1299,4.120697,LCLC,0.70212
164,AZD8186,LCLC103H,3.138536,LCLC,0.002691
165,AZD8186,NCIH1963,4.267721,SCLC,0.806821
166,AZD8186,NCIH526,3.523893,SCLC,0.277117
167,AZD8186,CHAGOK1,3.593222,NSCLC,0.326488
168,AZD8186,NCIH2172,3.691706,NSCLC,0.396622
169,AZD8186,LU135,3.584234,SCLC,0.320087
170,Afatinib,HCC827,0.854371,LUAD,-0.499854
171,Afatinib,PC14,1.417494,LUAD,-0.119627
172,Afatinib,RERFLCSQ1,1.47528,LUSC,-0.080609
173,Afatinib,NCIH2228,0.878386,LUAD,-0.483639
174,Afatinib,NCIH2170,0.048221,LUSC,-1.044176
175,Afatinib,NCIH146,1.664077,SCLC,0.046869
176,Afatinib,NCIH1299,2.323223,LCLC,0.491933
177,Afatinib,LCLC103H,1.812817,LCLC,0.1473
178,Afatinib,NCIH1963,1.824782,SCLC,0.155379
179,Afatinib,NCIH526,1.033266,SCLC,-0.379062
180,Afatinib,CHAGOK1,-0.467499,NSCLC,-1.392397
181,Afatinib,NCIH2172,1.923874,NSCLC,0.222287
182,Afatinib,LU135,1.628755,SCLC,0.023019
183,Afuresertib,HCC827,3.461856,LUAD,0.719759
184,Afuresertib,PC14,2.627022,LUAD,0.15252
185,Afuresertib,RERFLCSQ1,1.170905,LUSC,-0.836857
186,Afuresertib,NCIH2228,2.468674,LUAD,0.044929
187,Afuresertib,NCIH2170,1.965129,LUSC,-0.297211
188,Afuresertib,NCIH146,3.228387,SCLC,0.561125
189,Afuresertib,NCIH1299,3.922935,LCLC,1.033045
190,Afuresertib,LCLC103H,2.75188,LCLC,0.237357
191,Afuresertib,NCIH1963,3.594192,SCLC,0.809676
192,Afuresertib,NCIH526,3.004775,SCLC,0.409189
193,Afuresertib,CHAGOK1,3.122589,NSCLC,0.48924
194,Afuresertib,NCIH2172,2.991687,NSCLC,0.400297
195,Afuresertib,LU135,2.015838,SCLC,-0.262756
196,Alpelisib,HCC827,3.738944,LUAD,0.204557
197,Alpelisib,PC14,3.331055,LUAD,-0.085296
198,Alpelisib,RERFLCSQ1,2.30444,LUSC,-0.814827
199,Alpelisib,NCIH2228,3.380883,LUAD,-0.049888
200,Alpelisib,NCIH2170,2.786028,LUSC,-0.472602
201,Alpelisib,NCIH146,3.50189,SCLC,0.036102
202,Alpelisib,NCIH1299,4.472919,LCLC,0.726133
203,Alpelisib,LCLC103H,3.973292,LCLC,0.371089
204,Alpelisib,NCIH1963,3.783862,SCLC,0.236477
205,Alpelisib,NCIH526,3.184716,SCLC,-0.189287
206,Alpelisib,CHAGOK1,3.432866,NSCLC,-0.012947
207,Alpelisib,NCIH2172,3.571495,NSCLC,0.085565
208,Alpelisib,LU135,3.274814,SCLC,-0.125262
209,Avagacestat,HCC827,5.425638,LUAD,0.621683
210,Avagacestat,PC14,5.560428,LUAD,0.747406
211,Avagacestat,RERFLCSQ1,4.816413,LUSC,0.053437
212,Avagacestat,NCIH2228,5.277632,LUAD,0.483632
213,Avagacestat,NCIH2170,5.008774,LUSC,0.232859
214,Avagacestat,NCIH146,4.834453,SCLC,0.070264
215,Avagacestat,NCIH1299,5.323776,LCLC,0.526672
216,Avagacestat,LCLC103H,5.291221,LCLC,0.496307
217,Avagacestat,NCIH1963,5.069172,SCLC,0.289194
218,Avagacestat,NCIH526,4.428739,SCLC,-0.30816
219,Avagacestat,CHAGOK1,5.261995,NSCLC,0.469047
220,Avagacestat,NCIH2172,4.853743,NSCLC,0.088256
221,Avagacestat,LU135,4.717621,SCLC,-0.038709
222,Axitinib,HCC827,4.202879,LUAD,0.774717
223,Axitinib,PC14,3.567181,LUAD,0.395674
224,Axitinib,RERFLCSQ1,2.658857,LUSC,-0.145926
225,Axitinib,NCIH2228,4.044765,LUAD,0.68044
226,Axitinib,NCIH2170,3.057017,LUSC,0.091482
227,Axitinib,NCIH146,2.325808,SCLC,-0.344511
228,Axitinib,NCIH1299,3.842684,LCLC,0.559947
229,Axitinib,LCLC103H,3.700941,LCLC,0.47543
230,Axitinib,NCIH1963,1.744246,SCLC,-0.691275
231,Axitinib,NCIH526,0.417251,SCLC,-1.482513
232,Axitinib,CHAGOK1,3.383715,NSCLC,0.28628
233,Axitinib,NCIH2172,3.27669,NSCLC,0.222465
234,Axitinib,LU135,1.055724,SCLC,-1.101815
235,BMS-345541,HCC827,3.760483,LUAD,0.365431
236,BMS-345541,PC14,4.405455,LUAD,0.853887
237,BMS-345541,RERFLCSQ1,2.569526,LUSC,-0.536514
238,BMS-345541,NCIH2228,3.58876,LUAD,0.235381
239,BMS-345541,NCIH2170,2.737448,LUSC,-0.409342
240,BMS-345541,NCIH146,2.656025,SCLC,-0.471006
241,BMS-345541,NCIH1299,3.604845,LCLC,0.247562
242,BMS-345541,LCLC103H,3.774841,LCLC,0.376305
243,BMS-345541,NCIH1963,3.098368,SCLC,-0.136007
244,BMS-345541,NCIH526,2.316931,SCLC,-0.727812
245,BMS-345541,CHAGOK1,3.930718,NSCLC,0.494355
246,BMS-345541,NCIH2172,3.193646,NSCLC,-0.06385
247,BMS-345541,LU135,2.855856,SCLC,-0.319668
248,BMS-536924,HCC827,2.064626,LUAD,-0.032099
249,BMS-536924,PC14,2.353715,LUAD,0.177214
250,BMS-536924,RERFLCSQ1,1.334821,LUSC,-0.56051
251,BMS-536924,NCIH2228,2.043284,LUAD,-0.047552
252,BMS-536924,NCIH2170,1.392514,LUSC,-0.518738
253,BMS-536924,NCIH146,2.525285,SCLC,0.301438
254,BMS-536924,NCIH1299,2.548357,LCLC,0.318143
255,BMS-536924,LCLC103H,2.355646,LCLC,0.178612
256,BMS-536924,NCIH1963,2.393319,SCLC,0.205889
257,BMS-536924,NCIH526,1.691804,SCLC,-0.302038
258,BMS-536924,CHAGOK1,2.621698,NSCLC,0.371245
259,BMS-536924,NCIH2172,2.418386,NSCLC,0.224039
260,BMS-536924,LU135,2.596993,SCLC,0.353358
261,BMS-754807,HCC827,3.205099,LUAD,0.521521
262,BMS-754807,PC14,2.074306,LUAD,-0.044513
263,BMS-754807,RERFLCSQ1,1.5966,LUSC,-0.283635
264,BMS-754807,NCIH2228,2.30934,LUAD,0.073137
265,BMS-754807,NCIH2170,0.428649,LUSC,-0.868268
266,BMS-754807,NCIH146,1.761607,SCLC,-0.201038
267,BMS-754807,NCIH1299,2.818619,LCLC,0.328063
268,BMS-754807,LCLC103H,3.565971,LCLC,0.70216
269,BMS-754807,NCIH1963,0.764377,SCLC,-0.700215
270,BMS-754807,NCIH526,-0.977221,SCLC,-1.571994
271,BMS-754807,CHAGOK1,2.772964,NSCLC,0.30521
272,BMS-754807,NCIH2172,3.339922,NSCLC,0.589008
273,BMS-754807,LU135,-0.504705,SCLC,-1.33547
274,Bortezomib,HCC827,-4.627317,LUAD,0.104625
275,Bortezomib,PC14,-4.995444,LUAD,-0.239938
276,Bortezomib,RERFLCSQ1,-5.545597,LUSC,-0.754876
277,Bortezomib,NCIH2228,-4.534986,LUAD,0.191046
278,Bortezomib,NCIH2170,-4.8964,LUSC,-0.147234
279,Bortezomib,NCIH146,-5.312144,SCLC,-0.536366
280,Bortezomib,NCIH1299,-5.097132,LCLC,-0.335117
281,Bortezomib,LCLC103H,-5.403131,LCLC,-0.621529
282,Bortezomib,NCIH1963,-5.105824,SCLC,-0.343253
283,Bortezomib,NCIH526,-5.510383,SCLC,-0.721916
284,Bortezomib,CHAGOK1,-4.900267,NSCLC,-0.150853
285,Bortezomib,NCIH2172,-5.085918,NSCLC,-0.324621
286,Bortezomib,LU135,-5.071207,SCLC,-0.310851
287,Bosutinib,HCC827,2.845362,LUAD,0.147987
288,Bosutinib,PC14,3.049813,LUAD,0.28144
289,Bosutinib,RERFLCSQ1,2.316781,LUSC,-0.197037
290,Bosutinib,NCIH2228,3.229998,LUAD,0.399053
291,Bosutinib,NCIH2170,2.332017,LUSC,-0.187092
292,Bosutinib,NCIH146,3.147962,SCLC,0.345505
293,Bosutinib,NCIH1299,3.292506,LCLC,0.439854
294,Bosutinib,LCLC103H,3.014571,LCLC,0.258436
295,Bosutinib,NCIH1963,3.254215,SCLC,0.41486
296,Bosutinib,NCIH526,2.022663,SCLC,-0.389018
297,Bosutinib,CHAGOK1,2.634729,NSCLC,0.010499
298,Bosutinib,NCIH2172,2.879879,NSCLC,0.170518
299,Bosutinib,LU135,3.045243,SCLC,0.278457
300,Buparlisib,HCC827,1.526273,LUAD,0.418046
301,Buparlisib,PC14,1.555242,LUAD,0.448784
302,Buparlisib,RERFLCSQ1,0.614574,LUSC,-0.549319
303,Buparlisib,NCIH2228,1.023616,LUAD,-0.115302
304,Buparlisib,NCIH2170,0.7994,LUSC,-0.353208
305,Buparlisib,NCIH146,1.41487,SCLC,0.299841
306,Buparlisib,NCIH1299,1.651498,LCLC,0.550917
307,Buparlisib,LCLC103H,1.279811,LCLC,0.156536
308,Buparlisib,NCIH1963,1.371128,SCLC,0.253428
309,Buparlisib,NCIH526,0.176916,SCLC,-1.013699
310,Buparlisib,CHAGOK1,1.598181,NSCLC,0.494345
311,Buparlisib,NCIH2172,1.444272,NSCLC,0.331038
312,Buparlisib,LU135,0.809377,SCLC,-0.342622
313,CCT007093,HCC827,5.527743,LUAD,0.390087
314,CCT007093,PC14,5.527898,LUAD,0.390267
315,CCT007093,RERFLCSQ1,4.857994,LUSC,-0.386512
316,CCT007093,NCIH2228,5.498996,LUAD,0.356754
317,CCT007093,NCIH2170,4.982946,LUSC,-0.241626
318,CCT007093,NCIH146,4.999837,SCLC,-0.22204
319,CCT007093,NCIH1299,5.197984,LCLC,0.007719
320,CCT007093,LCLC103H,5.319017,LCLC,0.148061
321,CCT007093,NCIH1963,4.893938,SCLC,-0.344834
322,CCT007093,NCIH526,4.55895,SCLC,-0.733266
323,CCT007093,CHAGOK1,5.223042,NSCLC,0.036775
324,CCT007093,NCIH2172,5.001756,NSCLC,-0.219815
325,CCT007093,LU135,4.762773,SCLC,-0.496925
326,CZC24832,HCC827,5.534224,LUAD,0.417585
327,CZC24832,PC14,5.482068,LUAD,0.362674
328,CZC24832,RERFLCSQ1,4.860259,LUSC,-0.291988
329,CZC24832,NCIH2228,5.429813,LUAD,0.307658
330,CZC24832,NCIH2170,5.469239,LUSC,0.349167
331,CZC24832,NCIH146,5.277308,SCLC,0.147096
332,CZC24832,NCIH1299,5.501995,LCLC,0.383653
333,CZC24832,LCLC103H,5.17855,LCLC,0.04312
334,CZC24832,NCIH1963,5.368257,SCLC,0.24285
335,CZC24832,NCIH526,4.711004,SCLC,-0.449128
336,CZC24832,CHAGOK1,5.404944,NSCLC,0.281475
337,CZC24832,NCIH2172,5.171386,NSCLC,0.035577
338,CZC24832,LU135,5.134021,SCLC,-0.003762
339,Camptothecin,HCC827,-0.801389,LUAD,0.791786
340,Camptothecin,PC14,-0.938768,LUAD,0.717083
341,Camptothecin,RERFLCSQ1,-1.185596,LUSC,0.582864
342,Camptothecin,NCIH2228,-2.354717,LUAD,-0.052875
343,Camptothecin,NCIH2170,-2.545185,LUSC,-0.156446
344,Camptothecin,NCIH146,-3.325945,SCLC,-0.581004
345,Camptothecin,NCIH1299,-2.465704,LCLC,-0.113226
346,Camptothecin,LCLC103H,-1.675795,LCLC,0.316306
347,Camptothecin,NCIH1963,-2.49982,SCLC,-0.131778
348,Camptothecin,NCIH526,-5.146049,SCLC,-1.570731
349,Camptothecin,CHAGOK1,-1.344864,NSCLC,0.496258
350,Camptothecin,NCIH2172,-0.826937,NSCLC,0.777894
351,Camptothecin,LU135,-4.178453,SCLC,-1.044576
352,Cediranib,HCC827,2.275009,LUAD,0.003252
353,Cediranib,PC14,2.492771,LUAD,0.185881
354,Cediranib,RERFLCSQ1,1.573967,LUSC,-0.584685
355,Cediranib,NCIH2228,2.407251,LUAD,0.114159
356,Cediranib,NCIH2170,1.70552,LUSC,-0.474356
357,Cediranib,NCIH146,2.179598,SCLC,-0.076765
358,Cediranib,NCIH1299,2.889744,LCLC,0.518807
359,Cediranib,LCLC103H,2.317225,LCLC,0.038657
360,Cediranib,NCIH1963,2.069043,SCLC,-0.169483
361,Cediranib,NCIH526,1.525152,SCLC,-0.625624
362,Cediranib,CHAGOK1,2.499457,NSCLC,0.191488
363,Cediranib,NCIH2172,2.569843,NSCLC,0.250518
364,Cediranib,LU135,1.884632,SCLC,-0.324142
365,Crizotinib,HCC827,3.750266,LUAD,0.787503
366,Crizotinib,PC14,3.67837,LUAD,0.739909
367,Crizotinib,RERFLCSQ1,2.213271,LUSC,-0.229968
368,Crizotinib,NCIH2228,3.437839,LUAD,0.580681
369,Crizotinib,NCIH2170,2.733345,LUSC,0.114315
370,Crizotinib,NCIH146,2.681533,SCLC,0.080016
371,Crizotinib,NCIH1299,3.311165,LCLC,0.496824
372,Crizotinib,LCLC103H,3.444624,LCLC,0.585172
373,Crizotinib,NCIH1963,2.508181,SCLC,-0.034741
374,Crizotinib,NCIH526,0.652593,SCLC,-1.263117
375,Crizotinib,CHAGOK1,3.597367,NSCLC,0.686286
376,Crizotinib,NCIH2172,3.37641,NSCLC,0.540015
377,Crizotinib,LU135,1.395634,SCLC,-0.771233
378,Cyclophosphamide,HCC827,5.948666,LUAD,0.775781
379,Cyclophosphamide,PC14,5.604364,LUAD,0.388364
380,Cyclophosphamide,RERFLCSQ1,5.115,LUSC,-0.16228
381,Cyclophosphamide,NCIH2228,5.895885,LUAD,0.716391
382,Cyclophosphamide,NCIH2170,5.183536,LUSC,-0.085161
383,Cyclophosphamide,NCIH146,5.390098,SCLC,0.147267
384,Cyclophosphamide,NCIH1299,5.586258,LCLC,0.367991
385,Cyclophosphamide,LCLC103H,5.42525,LCLC,0.186821
386,Cyclophosphamide,NCIH1963,5.406571,SCLC,0.165803
387,Cyclophosphamide,NCIH526,4.646141,SCLC,-0.689851
388,Cyclophosphamide,CHAGOK1,5.633223,NSCLC,0.420837
389,Cyclophosphamide,NCIH2172,5.327525,NSCLC,0.076858
390,Cyclophosphamide,LU135,4.990927,SCLC,-0.30189
391,Dactinomycin,HCC827,-2.756037,LUAD,0.539981
392,Dactinomycin,PC14,-3.281835,LUAD,0.260737
393,Dactinomycin,RERFLCSQ1,-3.819932,LUSC,-0.025037
394,Dactinomycin,NCIH2228,-3.400547,LUAD,0.197691
395,Dactinomycin,NCIH2170,-3.876398,LUSC,-0.055026
396,Dactinomycin,NCIH146,-3.623767,SCLC,0.079143
397,Dactinomycin,NCIH1299,-3.684953,LCLC,0.046648
398,Dactinomycin,LCLC103H,-2.963576,LCLC,0.42976
399,Dactinomycin,NCIH1963,-3.163922,SCLC,0.323359
400,Dactinomycin,NCIH526,-4.126884,SCLC,-0.188055
401,Dactinomycin,CHAGOK1,-2.489579,NSCLC,0.681492
402,Dactinomycin,NCIH2172,-2.518553,NSCLC,0.666105
403,Dactinomycin,LU135,-4.260746,SCLC,-0.259147
404,Dactolisib,HCC827,-1.63377,LUAD,-0.086059
405,Dactolisib,PC14,-1.49384,LUAD,0.011809
406,Dactolisib,RERFLCSQ1,-2.873784,LUSC,-0.953331
407,Dactolisib,NCIH2228,-1.785635,LUAD,-0.192274
408,Dactolisib,NCIH2170,-1.91814,LUSC,-0.284949
409,Dactolisib,NCIH146,-1.210854,SCLC,0.209731
410,Dactolisib,NCIH1299,-1.296458,LCLC,0.149859
411,Dactolisib,LCLC103H,-1.793363,LCLC,-0.197679
412,Dactolisib,NCIH1963,0.046498,SCLC,1.089129
413,Dactolisib,NCIH526,-1.894897,SCLC,-0.268693
414,Dactolisib,CHAGOK1,-0.045282,NSCLC,1.024938
415,Dactolisib,NCIH2172,-1.041459,NSCLC,0.328206
416,Dactolisib,LU135,-1.626569,SCLC,-0.081023
417,Dasatinib,HCC827,-0.774151,LUAD,-0.886972
418,Dasatinib,PC14,0.738413,LUAD,-0.236147
419,Dasatinib,RERFLCSQ1,-1.987609,LUSC,-1.409098
420,Dasatinib,NCIH2228,1.052834,LUAD,-0.100859
421,Dasatinib,NCIH2170,3.258214,LUSC,0.84807
422,Dasatinib,NCIH146,2.882808,SCLC,0.686541
423,Dasatinib,NCIH1299,2.007236,LCLC,0.309801
424,Dasatinib,LCLC103H,0.467001,LCLC,-0.35293
425,Dasatinib,NCIH1963,3.56309,SCLC,0.979252
426,Dasatinib,NCIH526,2.91117,SCLC,0.698744
427,Dasatinib,CHAGOK1,1.942803,NSCLC,0.282076
428,Dasatinib,NCIH2172,1.281384,NSCLC,-0.002518
429,Dasatinib,LU135,3.475148,SCLC,0.941412
430,Dinaciclib,HCC827,-2.033325,LUAD,0.42158
431,Dinaciclib,PC14,-2.443263,LUAD,0.143346
432,Dinaciclib,RERFLCSQ1,-3.368574,LUSC,-0.484683
433,Dinaciclib,NCIH2228,-2.45462,LUAD,0.135638
434,Dinaciclib,NCIH2170,-3.65668,LUSC,-0.680227
435,Dinaciclib,NCIH146,-2.671085,SCLC,-0.011282
436,Dinaciclib,NCIH1299,-2.7618,LCLC,-0.072852
437,Dinaciclib,LCLC103H,-2.354263,LCLC,0.203752
438,Dinaciclib,NCIH1963,-2.007861,SCLC,0.438863
439,Dinaciclib,NCIH526,-3.542723,SCLC,-0.602882
440,Dinaciclib,CHAGOK1,-2.689451,NSCLC,-0.023747
441,Dinaciclib,NCIH2172,-2.822958,NSCLC,-0.114361
442,Dinaciclib,LU135,-2.911284,SCLC,-0.17431
443,Docetaxel,HCC827,-2.018757,LUAD,0.548695
444,Docetaxel,PC14,-4.400187,LUAD,-0.385712
445,Docetaxel,RERFLCSQ1,-4.851407,LUSC,-0.562758
446,Docetaxel,NCIH2228,-3.116068,LUAD,0.11814
447,Docetaxel,NCIH2170,-4.64155,LUSC,-0.480416
448,Docetaxel,NCIH146,-3.840769,SCLC,-0.166212
449,Docetaxel,NCIH1299,-4.560567,LCLC,-0.44864
450,Docetaxel,LCLC103H,-3.66023,LCLC,-0.095373
451,Docetaxel,NCIH1963,-3.715388,SCLC,-0.117016
452,Docetaxel,NCIH526,-5.460578,SCLC,-0.80178
453,Docetaxel,CHAGOK1,-2.861007,NSCLC,0.218219
454,Docetaxel,NCIH2172,-2.661036,NSCLC,0.296682
455,Docetaxel,LU135,-4.485832,SCLC,-0.419317
456,Doramapimod,HCC827,5.949734,LUAD,0.850528
457,Doramapimod,PC14,5.71721,LUAD,0.654847
458,Doramapimod,RERFLCSQ1,4.912442,LUSC,-0.022409
459,Doramapimod,NCIH2228,6.241465,LUAD,1.096036
460,Doramapimod,NCIH2170,5.332197,LUSC,0.330838
461,Doramapimod,NCIH146,5.078083,SCLC,0.116987
462,Doramapimod,NCIH1299,5.696796,LCLC,0.637667
463,Doramapimod,LCLC103H,5.33093,LCLC,0.329771
464,Doramapimod,NCIH1963,5.052501,SCLC,0.095458
465,Doramapimod,NCIH526,4.502376,SCLC,-0.367502
466,Doramapimod,CHAGOK1,5.38769,NSCLC,0.377538
467,Doramapimod,NCIH2172,5.311383,NSCLC,0.313321
468,Doramapimod,LU135,4.620761,SCLC,-0.267874
469,EHT-1864,HCC827,4.172162,LUAD,0.502248
470,EHT-1864,PC14,3.845522,LUAD,0.170104
471,EHT-1864,RERFLCSQ1,3.808006,LUSC,0.131956
472,EHT-1864,NCIH2228,4.329855,LUAD,0.662598
473,EHT-1864,NCIH2170,3.39751,LUSC,-0.285457
474,EHT-1864,NCIH146,3.518944,SCLC,-0.161977
475,EHT-1864,NCIH1299,3.768639,LCLC,0.091925
476,EHT-1864,LCLC103H,3.821895,LCLC,0.146079
477,EHT-1864,NCIH1963,3.392297,SCLC,-0.290758
478,EHT-1864,NCIH526,3.227535,SCLC,-0.458296
479,EHT-1864,CHAGOK1,3.289474,NSCLC,-0.395314
480,EHT-1864,NCIH2172,3.279075,NSCLC,-0.405888
481,EHT-1864,LU135,3.012669,SCLC,-0.676783
482,EPZ004777,HCC827,6.134833,LUAD,1.004485
483,EPZ004777,PC14,5.806535,LUAD,0.66847
484,EPZ004777,RERFLCSQ1,5.211786,LUSC,0.059742
485,EPZ004777,NCIH2228,6.090219,LUAD,0.958822
486,EPZ004777,NCIH2170,5.553602,LUSC,0.409592
487,EPZ004777,NCIH146,5.174673,SCLC,0.021757
488,EPZ004777,NCIH1299,5.861737,LCLC,0.72497
489,EPZ004777,LCLC103H,5.80389,LCLC,0.665763
490,EPZ004777,NCIH1963,5.027214,SCLC,-0.129168
491,EPZ004777,NCIH526,4.643955,SCLC,-0.521436
492,EPZ004777,CHAGOK1,5.819278,NSCLC,0.681513
493,EPZ004777,NCIH2172,5.507759,NSCLC,0.362672
494,EPZ004777,LU135,4.811632,SCLC,-0.349818
495,EPZ5676,HCC827,6.318112,LUAD,0.753537
496,EPZ5676,PC14,6.033854,LUAD,0.477211
497,EPZ5676,RERFLCSQ1,5.333741,LUSC,-0.203368
498,EPZ5676,NCIH2228,6.250471,LUAD,0.687784
499,EPZ5676,NCIH2170,5.948187,LUSC,0.393934
500,EPZ5676,NCIH146,5.670189,SCLC,0.123693
501,EPZ5676,NCIH1299,6.221127,LCLC,0.659258
502,EPZ5676,LCLC103H,6.031464,LCLC,0.474887
503,EPZ5676,NCIH1963,5.67203,SCLC,0.125482
504,EPZ5676,NCIH526,4.921158,SCLC,-0.604439
505,EPZ5676,CHAGOK1,6.344639,NSCLC,0.779324
506,EPZ5676,NCIH2172,5.804532,NSCLC,0.254287
507,EPZ5676,LU135,5.166962,SCLC,-0.365493
508,Entinostat,HCC827,2.765834,LUAD,0.449294
509,Entinostat,PC14,2.993201,LUAD,0.588182
510,Entinostat,RERFLCSQ1,2.38238,LUSC,0.215059
511,Entinostat,NCIH2228,2.856794,LUAD,0.504857
512,Entinostat,NCIH2170,1.048691,LUSC,-0.59963
513,Entinostat,NCIH146,0.789331,SCLC,-0.758061
514,Entinostat,NCIH1299,2.582189,LCLC,0.337113
515,Entinostat,LCLC103H,2.341547,LCLC,0.190116
516,Entinostat,NCIH1963,0.589918,SCLC,-0.879874
517,Entinostat,NCIH526,0.535454,SCLC,-0.913143
518,Entinostat,CHAGOK1,2.813618,NSCLC,0.478483
519,Entinostat,NCIH2172,2.862748,NSCLC,0.508494
520,Entinostat,LU135,0.592435,SCLC,-0.878336
521,Entospletinib,HCC827,3.375589,LUAD,-0.243153
522,Entospletinib,PC14,4.049235,LUAD,0.307898
523,Entospletinib,RERFLCSQ1,3.152581,LUSC,-0.425577
524,Entospletinib,NCIH2228,3.724612,LUAD,0.042352
525,Entospletinib,NCIH2170,3.621322,LUSC,-0.042141
526,Entospletinib,NCIH146,4.053681,SCLC,0.311534
527,Entospletinib,NCIH1299,4.177385,LCLC,0.412726
528,Entospletinib,LCLC103H,3.886484,LCLC,0.174765
529,Entospletinib,NCIH1963,4.353155,SCLC,0.556508
530,Entospletinib,NCIH526,3.641253,SCLC,-0.025837
531,Entospletinib,CHAGOK1,3.933119,NSCLC,0.212913
532,Entospletinib,NCIH2172,3.733256,NSCLC,0.049423
533,Entospletinib,LU135,4.254728,SCLC,0.475993
534,Epirubicin,HCC827,0.30499,LUAD,0.684498
535,Epirubicin,PC14,0.222619,LUAD,0.635784
536,Epirubicin,RERFLCSQ1,-0.626035,LUSC,0.133902
537,Epirubicin,NCIH2228,-0.295046,LUAD,0.329644
538,Epirubicin,NCIH2170,-0.666076,LUSC,0.110222
539,Epirubicin,NCIH146,-0.059834,SCLC,0.468746
540,Epirubicin,NCIH1299,-0.993101,LCLC,-0.083176
541,Epirubicin,LCLC103H,-0.47735,LCLC,0.221832
542,Epirubicin,NCIH1963,-0.358905,SCLC,0.291879
543,Epirubicin,NCIH526,-1.845554,SCLC,-0.587306
544,Epirubicin,CHAGOK1,0.005341,NSCLC,0.507289
545,Epirubicin,NCIH2172,0.060832,NSCLC,0.540106
546,Epirubicin,LU135,-1.430492,SCLC,-0.341843
547,Erlotinib,HCC827,3.097792,LUAD,0.081379
548,Erlotinib,PC14,2.967352,LUAD,-0.00865
549,Erlotinib,RERFLCSQ1,3.283041,LUSC,0.209238
550,Erlotinib,NCIH2228,3.343516,LUAD,0.250978
551,Erlotinib,NCIH2170,2.026793,LUSC,-0.657824
552,Erlotinib,NCIH146,3.758097,SCLC,0.537122
553,Erlotinib,NCIH1299,3.641493,LCLC,0.456642
554,Erlotinib,LCLC103H,3.648285,LCLC,0.46133
555,Erlotinib,NCIH1963,3.777372,SCLC,0.550426
556,Erlotinib,NCIH526,2.659131,SCLC,-0.221384
557,Erlotinib,CHAGOK1,1.892982,NSCLC,-0.750181
558,Erlotinib,NCIH2172,3.202237,NSCLC,0.153467
559,Erlotinib,LU135,3.414793,SCLC,0.300174
560,Fulvestrant,HCC827,4.062886,LUAD,0.262781
561,Fulvestrant,PC14,3.901155,LUAD,0.134753
562,Fulvestrant,RERFLCSQ1,3.54234,LUSC,-0.149289
563,Fulvestrant,NCIH2228,4.382209,LUAD,0.51556
564,Fulvestrant,NCIH2170,3.54884,LUSC,-0.144144
565,Fulvestrant,NCIH146,3.395684,SCLC,-0.265384
566,Fulvestrant,NCIH1299,3.993167,LCLC,0.20759
567,Fulvestrant,LCLC103H,3.806896,LCLC,0.060136
568,Fulvestrant,NCIH1963,3.539039,SCLC,-0.151902
569,Fulvestrant,NCIH526,2.977825,SCLC,-0.596165
570,Fulvestrant,CHAGOK1,3.730632,NSCLC,-0.000235
571,Fulvestrant,NCIH2172,3.569345,NSCLC,-0.127912
572,Fulvestrant,LU135,3.006251,SCLC,-0.573663
573,GDC0810,HCC827,5.402215,LUAD,0.332991
574,GDC0810,PC14,5.478191,LUAD,0.413344
575,GDC0810,RERFLCSQ1,4.96733,LUSC,-0.126947
576,GDC0810,NCIH2228,5.60508,LUAD,0.547543
577,GDC0810,NCIH2170,4.93377,LUSC,-0.16244
578,GDC0810,NCIH146,4.903144,SCLC,-0.19483
579,GDC0810,NCIH1299,5.304786,LCLC,0.229949
580,GDC0810,LCLC103H,5.206656,LCLC,0.126166
581,GDC0810,NCIH1963,5.039361,SCLC,-0.050766
582,GDC0810,NCIH526,4.405749,SCLC,-0.720879
583,GDC0810,CHAGOK1,5.187423,NSCLC,0.105825
584,GDC0810,NCIH2172,4.803191,NSCLC,-0.300541
585,GDC0810,LU135,4.732255,SCLC,-0.375564
586,GSK1904529A,HCC827,4.860305,LUAD,0.46346
587,GSK1904529A,PC14,4.417759,LUAD,0.062621
588,GSK1904529A,RERFLCSQ1,4.095244,LUSC,-0.2295
589,GSK1904529A,NCIH2228,5.052296,LUAD,0.637358
590,GSK1904529A,NCIH2170,4.463869,LUSC,0.104385
591,GSK1904529A,NCIH146,4.527468,SCLC,0.16199
592,GSK1904529A,NCIH1299,4.476856,LCLC,0.116148
593,GSK1904529A,LCLC103H,4.758417,LCLC,0.371174
594,GSK1904529A,NCIH1963,4.660947,SCLC,0.28289
595,GSK1904529A,NCIH526,3.6705,SCLC,-0.614216
596,GSK1904529A,CHAGOK1,4.506722,NSCLC,0.1432
597,GSK1904529A,NCIH2172,4.0752,NSCLC,-0.247655
598,GSK1904529A,LU135,4.197686,SCLC,-0.136712
599,GSK2578215A,HCC827,5.398886,LUAD,0.481336
600,GSK2578215A,PC14,5.522239,LUAD,0.609014
601,GSK2578215A,RERFLCSQ1,4.805118,LUSC,-0.133249
602,GSK2578215A,NCIH2228,5.516467,LUAD,0.603039
603,GSK2578215A,NCIH2170,4.918087,LUSC,-0.01632
604,GSK2578215A,NCIH146,4.976129,SCLC,0.043757
605,GSK2578215A,NCIH1299,5.393716,LCLC,0.475985
606,GSK2578215A,LCLC103H,5.118348,LCLC,0.190962
607,GSK2578215A,NCIH1963,5.190087,SCLC,0.265216
608,GSK2578215A,NCIH526,4.392881,SCLC,-0.559939
609,GSK2578215A,CHAGOK1,5.2969,NSCLC,0.375774
610,GSK2578215A,NCIH2172,4.800073,NSCLC,-0.138471
611,GSK2578215A,LU135,4.714131,SCLC,-0.227426
612,GSK2606414,HCC827,4.075815,LUAD,0.238668
613,GSK2606414,PC14,4.276649,LUAD,0.403831
614,GSK2606414,RERFLCSQ1,3.622817,LUSC,-0.133872
615,GSK2606414,NCIH2228,4.069577,LUAD,0.233538
616,GSK2606414,NCIH2170,3.457874,LUSC,-0.26952
617,GSK2606414,NCIH146,3.935765,SCLC,0.123492
618,GSK2606414,NCIH1299,4.092966,LCLC,0.252772
619,GSK2606414,LCLC103H,4.144566,LCLC,0.295208
620,GSK2606414,NCIH1963,4.281564,SCLC,0.407873
621,GSK2606414,NCIH526,3.526432,SCLC,-0.213138
622,GSK2606414,CHAGOK1,4.020589,NSCLC,0.19325
623,GSK2606414,NCIH2172,3.792612,NSCLC,0.005765
624,GSK2606414,LU135,3.982388,SCLC,0.161834
625,GSK343,HCC827,3.967463,LUAD,0.267237
626,GSK343,PC14,3.835005,LUAD,0.170348
627,GSK343,RERFLCSQ1,3.393343,LUSC,-0.152713
628,GSK343,NCIH2228,3.962639,LUAD,0.263708
629,GSK343,NCIH2170,3.430527,LUSC,-0.125514
630,GSK343,NCIH146,3.071759,SCLC,-0.38794
631,GSK343,NCIH1299,3.988784,LCLC,0.282832
632,GSK343,LCLC103H,3.520201,LCLC,-0.05992
633,GSK343,NCIH1963,3.969252,SCLC,0.268545
634,GSK343,NCIH526,3.04947,SCLC,-0.404244
635,GSK343,CHAGOK1,3.882639,NSCLC,0.205191
636,GSK343,NCIH2172,3.699813,NSCLC,0.07146
637,GSK343,LU135,3.458002,SCLC,-0.105417
638,GW441756,HCC827,3.625226,LUAD,0.198161
639,GW441756,PC14,3.31425,LUAD,-0.136748
640,GW441756,RERFLCSQ1,3.134912,LUSC,-0.329888
641,GW441756,NCIH2228,3.584925,LUAD,0.154758
642,GW441756,NCIH2170,3.187069,LUSC,-0.273717
643,GW441756,NCIH146,3.371924,SCLC,-0.074635
644,GW441756,NCIH1299,3.411927,LCLC,-0.031554
645,GW441756,LCLC103H,3.235847,LCLC,-0.221185
646,GW441756,NCIH1963,3.412911,SCLC,-0.030494
647,GW441756,NCIH526,2.546787,SCLC,-0.963275
648,GW441756,CHAGOK1,3.280675,NSCLC,-0.172907
649,GW441756,NCIH2172,3.022997,NSCLC,-0.450416
650,GW441756,LU135,3.019388,SCLC,-0.454302
651,Gefitinib,HCC827,3.107241,LUAD,-0.033195
652,Gefitinib,PC14,3.490118,LUAD,0.282554
653,Gefitinib,RERFLCSQ1,3.715508,LUSC,0.468428
654,Gefitinib,NCIH2228,3.486215,LUAD,0.279336
655,Gefitinib,NCIH2170,2.129622,LUSC,-0.839413
656,Gefitinib,NCIH146,3.513101,SCLC,0.301508
657,Gefitinib,NCIH1299,3.871896,LCLC,0.597397
658,Gefitinib,LCLC103H,3.647593,LCLC,0.41242
659,Gefitinib,NCIH1963,3.581944,SCLC,0.358281
660,Gefitinib,NCIH526,2.864253,SCLC,-0.233581
661,Gefitinib,CHAGOK1,2.172788,NSCLC,-0.803815
662,Gefitinib,NCIH2172,3.55483,NSCLC,0.335921
663,Gefitinib,LU135,3.109085,SCLC,-0.031674
664,Gemcitabine,HCC827,2.321117,LUAD,1.025703
665,Gemcitabine,PC14,2.719152,LUAD,1.157917
666,Gemcitabine,RERFLCSQ1,1.220028,LUSC,0.659956
667,Gemcitabine,NCIH2228,-1.084672,LUAD,-0.105593
668,Gemcitabine,NCIH2170,0.596632,LUSC,0.452883
669,Gemcitabine,NCIH146,-0.498601,SCLC,0.089081
670,Gemcitabine,NCIH1299,-0.238742,LCLC,0.175398
671,Gemcitabine,LCLC103H,2.210358,LCLC,0.988912
672,Gemcitabine,NCIH1963,-0.54473,SCLC,0.073759
673,Gemcitabine,NCIH526,-3.452105,SCLC,-0.891979
674,Gemcitabine,CHAGOK1,2.617393,NSCLC,1.124116
675,Gemcitabine,NCIH2172,2.616436,NSCLC,1.123798
676,Gemcitabine,LU135,-2.930665,SCLC,-0.718774
677,I-BET-762,HCC827,3.857557,LUAD,0.429468
678,I-BET-762,PC14,4.769421,LUAD,1.00593
679,I-BET-762,RERFLCSQ1,2.760225,LUSC,-0.264244
680,I-BET-762,NCIH2228,3.69323,LUAD,0.325584
681,I-BET-762,NCIH2170,3.375486,LUSC,0.124712
682,I-BET-762,NCIH146,3.151597,SCLC,-0.016826
683,I-BET-762,NCIH1299,3.385452,LCLC,0.131012
684,I-BET-762,LCLC103H,3.706604,LCLC,0.334038
685,I-BET-762,NCIH1963,4.271164,SCLC,0.690942
686,I-BET-762,NCIH526,3.570885,SCLC,0.24824
687,I-BET-762,CHAGOK1,4.07435,NSCLC,0.56652
688,I-BET-762,NCIH2172,3.407726,NSCLC,0.145094
689,I-BET-762,LU135,3.621279,SCLC,0.280098
690,I-BRD9,HCC827,5.036364,LUAD,0.532284
691,I-BRD9,PC14,5.294026,LUAD,0.734526
692,I-BRD9,RERFLCSQ1,4.304925,LUSC,-0.041833
693,I-BRD9,NCIH2228,4.813206,LUAD,0.357124
694,I-BRD9,NCIH2170,4.521978,LUSC,0.128535
695,I-BRD9,NCIH146,4.454453,SCLC,0.075534
696,I-BRD9,NCIH1299,5.084458,LCLC,0.570034
697,I-BRD9,LCLC103H,4.779773,LCLC,0.330882
698,I-BRD9,NCIH1963,4.786493,SCLC,0.336157
699,I-BRD9,NCIH526,3.98092,SCLC,-0.296149
700,I-BRD9,CHAGOK1,4.952187,NSCLC,0.466212
701,I-BRD9,NCIH2172,4.423748,NSCLC,0.051433
702,I-BRD9,LU135,4.499312,SCLC,0.110744
703,IWP-2,HCC827,3.553622,LUAD,0.761558
704,IWP-2,PC14,3.220931,LUAD,0.390644
705,IWP-2,RERFLCSQ1,2.784642,LUSC,-0.09577
706,IWP-2,NCIH2228,3.290418,LUAD,0.468114
707,IWP-2,NCIH2170,2.742603,LUSC,-0.142639
708,IWP-2,NCIH146,2.5985,SCLC,-0.303298
709,IWP-2,NCIH1299,3.109147,LCLC,0.266017
710,IWP-2,LCLC103H,3.127421,LCLC,0.286391
711,IWP-2,NCIH1963,2.755873,SCLC,-0.127844
712,IWP-2,NCIH526,2.184633,SCLC,-0.764714
713,IWP-2,CHAGOK1,2.98462,NSCLC,0.127183
714,IWP-2,NCIH2172,3.001575,NSCLC,0.146086
715,IWP-2,LU135,2.497543,SCLC,-0.415854
716,Ibrutinib,HCC827,4.33216,LUAD,0.152367
717,Ibrutinib,PC14,4.672109,LUAD,0.339901
718,Ibrutinib,RERFLCSQ1,4.400517,LUSC,0.190076
719,Ibrutinib,NCIH2228,4.50919,LUAD,0.250026
720,Ibrutinib,NCIH2170,3.475321,LUSC,-0.320313
721,Ibrutinib,NCIH146,4.633093,SCLC,0.318378
722,Ibrutinib,NCIH1299,5.455883,LCLC,0.772274
723,Ibrutinib,LCLC103H,5.128923,LCLC,0.591905
724,Ibrutinib,NCIH1963,4.985706,SCLC,0.512899
725,Ibrutinib,NCIH526,4.361018,SCLC,0.168286
726,Ibrutinib,CHAGOK1,1.774173,NSCLC,-1.258761
727,Ibrutinib,NCIH2172,4.658596,NSCLC,0.332447
728,Ibrutinib,LU135,4.595434,SCLC,0.297603
729,Ipatasertib,HCC827,4.772552,LUAD,0.940408
730,Ipatasertib,PC14,3.682705,LUAD,0.191565
731,Ipatasertib,RERFLCSQ1,2.989543,LUSC,-0.284712
732,Ipatasertib,NCIH2228,4.186202,LUAD,0.537522
733,Ipatasertib,NCIH2170,2.643735,LUSC,-0.52232
734,Ipatasertib,NCIH146,3.841408,SCLC,0.300611
735,Ipatasertib,NCIH1299,4.762977,LCLC,0.933829
736,Ipatasertib,LCLC103H,3.722513,LCLC,0.218917
737,Ipatasertib,NCIH1963,4.297952,SCLC,0.614306
738,Ipatasertib,NCIH526,3.687329,SCLC,0.194742
739,Ipatasertib,CHAGOK1,4.07651,NSCLC,0.462152
740,Ipatasertib,NCIH2172,4.090446,NSCLC,0.471727
741,Ipatasertib,LU135,3.348098,SCLC,-0.038346
742,Irinotecan,HCC827,4.267455,LUAD,0.918663
743,Irinotecan,PC14,3.930272,LUAD,0.744345
744,Irinotecan,RERFLCSQ1,3.21662,LUSC,0.375398
745,Irinotecan,NCIH2228,2.273782,LUAD,-0.112035
746,Irinotecan,NCIH2170,2.246101,LUSC,-0.126345
747,Irinotecan,NCIH146,1.823938,SCLC,-0.344597
748,Irinotecan,NCIH1299,2.29638,LCLC,-0.100352
749,Irinotecan,LCLC103H,3.523275,LCLC,0.533934
750,Irinotecan,NCIH1963,1.294611,SCLC,-0.618251
751,Irinotecan,NCIH526,0.192825,SCLC,-1.187857
752,Irinotecan,CHAGOK1,3.554269,NSCLC,0.549957
753,Irinotecan,NCIH2172,4.275835,NSCLC,0.922995
754,Irinotecan,LU135,-0.559686,SCLC,-1.576893
755,JNK Inhibitor VIII,HCC827,6.034419,LUAD,0.975403
756,JNK Inhibitor VIII,PC14,5.633539,LUAD,0.558316
757,JNK Inhibitor VIII,RERFLCSQ1,4.921141,LUSC,-0.182883
758,JNK Inhibitor VIII,NCIH2228,5.658438,LUAD,0.584222
759,JNK Inhibitor VIII,NCIH2170,5.373974,LUSC,0.288257
760,JNK Inhibitor VIII,NCIH146,5.12785,SCLC,0.032183
761,JNK Inhibitor VIII,NCIH1299,5.54861,LCLC,0.469953
762,JNK Inhibitor VIII,LCLC103H,5.496994,LCLC,0.416251
763,JNK Inhibitor VIII,NCIH1963,5.055756,SCLC,-0.042826
764,JNK Inhibitor VIII,NCIH526,4.820579,SCLC,-0.287511
765,JNK Inhibitor VIII,CHAGOK1,5.590122,NSCLC,0.513144
766,JNK Inhibitor VIII,NCIH2172,5.419224,NSCLC,0.335337
767,JNK Inhibitor VIII,LU135,5.087053,SCLC,-0.010264
768,JQ1,HCC827,2.832916,LUAD,0.41348
769,JQ1,PC14,3.353451,LUAD,0.680077
770,JQ1,RERFLCSQ1,1.539105,LUSC,-0.249159
771,JQ1,NCIH2228,2.680555,LUAD,0.335446
772,JQ1,NCIH2170,1.498758,LUSC,-0.269823
773,JQ1,NCIH146,1.699986,SCLC,-0.166762
774,JQ1,NCIH1299,2.721567,LCLC,0.356451
775,JQ1,LCLC103H,2.417768,LCLC,0.200857
776,JQ1,NCIH1963,2.425271,SCLC,0.2047
777,JQ1,NCIH526,1.173055,SCLC,-0.436635
778,JQ1,CHAGOK1,2.984072,NSCLC,0.490896
779,JQ1,NCIH2172,2.769661,NSCLC,0.381083
780,JQ1,LU135,1.333997,SCLC,-0.354207
781,KRAS (G12C) Inhibitor-12,HCC827,5.146334,LUAD,0.454467
782,KRAS (G12C) Inhibitor-12,PC14,5.206184,LUAD,0.493475
783,KRAS (G12C) Inhibitor-12,RERFLCSQ1,4.629019,LUSC,0.1173
784,KRAS (G12C) Inhibitor-12,NCIH2228,5.278271,LUAD,0.540458
785,KRAS (G12C) Inhibitor-12,NCIH2170,4.400928,LUSC,-0.031361
786,KRAS (G12C) Inhibitor-12,NCIH146,4.508848,SCLC,0.038977
787,KRAS (G12C) Inhibitor-12,NCIH1299,4.889945,LCLC,0.287362
788,KRAS (G12C) Inhibitor-12,LCLC103H,5.039519,LCLC,0.384849
789,KRAS (G12C) Inhibitor-12,NCIH1963,4.671252,SCLC,0.144826
790,KRAS (G12C) Inhibitor-12,NCIH526,3.624196,SCLC,-0.537606
791,KRAS (G12C) Inhibitor-12,CHAGOK1,5.349416,NSCLC,0.586828
792,KRAS (G12C) Inhibitor-12,NCIH2172,4.712917,NSCLC,0.171982
793,KRAS (G12C) Inhibitor-12,LU135,4.332583,SCLC,-0.075906
794,KU-55933,HCC827,5.407267,LUAD,0.325041
795,KU-55933,PC14,5.24969,LUAD,0.185189
796,KU-55933,RERFLCSQ1,4.702145,LUSC,-0.300765
797,KU-55933,NCIH2228,5.55033,LUAD,0.452011
798,KU-55933,NCIH2170,4.946816,LUSC,-0.083616
799,KU-55933,NCIH146,5.091634,SCLC,0.044912
800,KU-55933,NCIH1299,5.104806,LCLC,0.056602
801,KU-55933,LCLC103H,5.21342,LCLC,0.152999
802,KU-55933,NCIH1963,5.103613,SCLC,0.055543
803,KU-55933,NCIH526,4.28294,SCLC,-0.672816
804,KU-55933,CHAGOK1,5.288787,NSCLC,0.219888
805,KU-55933,NCIH2172,4.849892,NSCLC,-0.169638
806,KU-55933,LU135,4.692084,SCLC,-0.309695
807,LCL161,HCC827,5.049878,LUAD,0.228505
808,LCL161,PC14,5.378283,LUAD,0.49367
809,LCL161,RERFLCSQ1,4.697269,LUSC,-0.056204
810,LCL161,NCIH2228,5.18507,LUAD,0.337663
811,LCL161,NCIH2170,4.734909,LUSC,-0.025812
812,LCL161,NCIH146,4.7042,SCLC,-0.050608
813,LCL161,NCIH1299,5.009793,LCLC,0.196139
814,LCL161,LCLC103H,4.858851,LCLC,0.074263
815,LCL161,NCIH1963,4.870238,SCLC,0.083457
816,LCL161,NCIH526,4.553748,SCLC,-0.172088
817,LCL161,CHAGOK1,4.984083,NSCLC,0.17538
818,LCL161,NCIH2172,4.675574,NSCLC,-0.073721
819,LCL161,LU135,4.499272,SCLC,-0.216073
820,LGK974,HCC827,4.729122,LUAD,0.443184
821,LGK974,PC14,4.400013,LUAD,0.146055
822,LGK974,RERFLCSQ1,4.511789,LUSC,0.24697
823,LGK974,NCIH2228,4.721803,LUAD,0.436577
824,LGK974,NCIH2170,3.988363,LUSC,-0.225594
825,LGK974,NCIH146,4.544142,SCLC,0.276179
826,LGK974,NCIH1299,4.482711,LCLC,0.220717
827,LGK974,LCLC103H,4.544081,LCLC,0.276124
828,LGK974,NCIH1963,4.31596,SCLC,0.07017
829,LGK974,NCIH526,3.933432,SCLC,-0.275188
830,LGK974,CHAGOK1,3.934731,NSCLC,-0.274015
831,LGK974,NCIH2172,3.561703,NSCLC,-0.610796
832,LGK974,LU135,4.034395,SCLC,-0.184035
833,LY2109761,HCC827,5.532507,LUAD,0.504108
834,LY2109761,PC14,5.761133,LUAD,0.723316
835,LY2109761,RERFLCSQ1,4.716929,LUSC,-0.277872
836,LY2109761,NCIH2228,5.724422,LUAD,0.688117
837,LY2109761,NCIH2170,5.187875,LUSC,0.173673
838,LY2109761,NCIH146,5.1854,SCLC,0.1713
839,LY2109761,NCIH1299,5.304851,LCLC,0.28583
840,LY2109761,LCLC103H,5.220613,LCLC,0.205062
841,LY2109761,NCIH1963,4.98528,SCLC,-0.020576
842,LY2109761,NCIH526,4.543384,SCLC,-0.444268
843,LY2109761,CHAGOK1,5.497651,NSCLC,0.470688
844,LY2109761,NCIH2172,5.290584,NSCLC,0.272151
845,LY2109761,LU135,4.682459,SCLC,-0.310922
846,Lapatinib,HCC827,3.207242,LUAD,-0.007813
847,Lapatinib,PC14,2.493288,LUAD,-0.458706
848,Lapatinib,RERFLCSQ1,2.698871,LUSC,-0.328871
849,Lapatinib,NCIH2228,3.350971,LUAD,0.082958
850,Lapatinib,NCIH2170,1.876518,LUSC,-0.848222
851,Lapatinib,NCIH146,3.67045,SCLC,0.284722
852,Lapatinib,NCIH1299,4.368643,LCLC,0.725661
853,Lapatinib,LCLC103H,3.430104,LCLC,0.132933
854,Lapatinib,NCIH1963,4.415205,SCLC,0.755066
855,Lapatinib,NCIH526,3.214397,SCLC,-0.003295
856,Lapatinib,CHAGOK1,2.204904,NSCLC,-0.640832
857,Lapatinib,NCIH2172,3.952282,NSCLC,0.462711
858,Lapatinib,LU135,3.75297,SCLC,0.336837
859,Leflunomide,HCC827,5.28998,LUAD,0.276656
860,Leflunomide,PC14,5.282102,LUAD,0.268032
861,Leflunomide,RERFLCSQ1,5.019767,LUSC,-0.019171
862,Leflunomide,NCIH2228,5.296788,LUAD,0.28411
863,Leflunomide,NCIH2170,4.988904,LUSC,-0.052959
864,Leflunomide,NCIH146,4.941987,SCLC,-0.104324
865,Leflunomide,NCIH1299,5.173721,LCLC,0.149377
866,Leflunomide,LCLC103H,5.234797,LCLC,0.216242
867,Leflunomide,NCIH1963,4.944274,SCLC,-0.10182
868,Leflunomide,NCIH526,4.465595,SCLC,-0.625874
869,Leflunomide,CHAGOK1,5.149644,NSCLC,0.123017
870,Leflunomide,NCIH2172,4.970152,NSCLC,-0.073489
871,Leflunomide,LU135,4.855004,SCLC,-0.199552
872,Lenalidomide,HCC827,5.858749,LUAD,0.580733
873,Lenalidomide,PC14,5.625075,LUAD,0.362621
874,Lenalidomide,RERFLCSQ1,5.236298,LUSC,-0.000264
875,Lenalidomide,NCIH2228,5.968902,LUAD,0.68355
876,Lenalidomide,NCIH2170,5.259735,LUSC,0.021612
877,Lenalidomide,NCIH146,5.231288,SCLC,-0.00494
878,Lenalidomide,NCIH1299,5.585593,LCLC,0.325768
879,Lenalidomide,LCLC103H,5.551654,LCLC,0.29409
880,Lenalidomide,NCIH1963,5.048262,SCLC,-0.175777
881,Lenalidomide,NCIH526,4.345095,SCLC,-0.832115
882,Lenalidomide,CHAGOK1,5.786499,NSCLC,0.513294
883,Lenalidomide,NCIH2172,5.469972,NSCLC,0.217848
884,Lenalidomide,LU135,5.000274,SCLC,-0.220569
885,Lestaurtinib,HCC827,1.21946,LUAD,0.763343
886,Lestaurtinib,PC14,1.303786,LUAD,0.81549
887,Lestaurtinib,RERFLCSQ1,0.035945,LUSC,0.031468
888,Lestaurtinib,NCIH2228,0.946861,LUAD,0.594771
889,Lestaurtinib,NCIH2170,0.16747,LUSC,0.112802
890,Lestaurtinib,NCIH146,0.817756,SCLC,0.514933
891,Lestaurtinib,NCIH1299,0.349177,LCLC,0.225168
892,Lestaurtinib,LCLC103H,0.608531,LCLC,0.38555
893,Lestaurtinib,NCIH1963,0.246834,SCLC,0.16188
894,Lestaurtinib,NCIH526,-1.6681,SCLC,-1.022299
895,Lestaurtinib,CHAGOK1,0.979431,NSCLC,0.614912
896,Lestaurtinib,NCIH2172,1.342002,NSCLC,0.839122
897,Lestaurtinib,LU135,-0.63217,SCLC,-0.381688
898,Linsitinib,HCC827,4.279831,LUAD,0.238461
899,Linsitinib,PC14,4.209083,LUAD,0.184954
900,Linsitinib,RERFLCSQ1,4.186407,LUSC,0.167803
901,Linsitinib,NCIH2228,4.701221,LUAD,0.557164
902,Linsitinib,NCIH2170,3.303089,LUSC,-0.500262
903,Linsitinib,NCIH146,3.915212,SCLC,-0.037305
904,Linsitinib,NCIH1299,4.629883,LCLC,0.503211
905,Linsitinib,LCLC103H,4.541428,LCLC,0.436311
906,Linsitinib,NCIH1963,3.257137,SCLC,-0.535017
907,Linsitinib,NCIH526,2.671789,SCLC,-0.977724
908,Linsitinib,CHAGOK1,4.096065,NSCLC,0.099476
909,Linsitinib,NCIH2172,4.393616,NSCLC,0.324518
910,Linsitinib,LU135,3.640304,SCLC,-0.245222
911,Luminespib,HCC827,-1.323276,LUAD,0.440503
912,Luminespib,PC14,-1.09718,LUAD,0.564899
913,Luminespib,RERFLCSQ1,-2.969835,LUSC,-0.465422
914,Luminespib,NCIH2228,-2.434988,LUAD,-0.171153
915,Luminespib,NCIH2170,-2.240577,LUSC,-0.064189
916,Luminespib,NCIH146,-1.720902,SCLC,0.221732
917,Luminespib,NCIH1299,-2.021414,LCLC,0.056393
918,Luminespib,LCLC103H,-2.415414,LCLC,-0.160383
919,Luminespib,NCIH1963,-0.591615,SCLC,0.843057
920,Luminespib,NCIH526,-2.020303,SCLC,0.057004
921,Luminespib,CHAGOK1,-1.411421,NSCLC,0.392006
922,Luminespib,NCIH2172,-0.648294,NSCLC,0.811873
923,Luminespib,LU135,-2.000732,SCLC,0.067772
924,MG-132,HCC827,-1.351936,LUAD,-0.093613
925,MG-132,PC14,-1.388982,LUAD,-0.144887
926,MG-132,RERFLCSQ1,-1.665197,LUSC,-0.527186
927,MG-132,NCIH2228,-1.452984,LUAD,-0.233469
928,MG-132,NCIH2170,-1.200027,LUSC,0.116639
929,MG-132,NCIH146,-1.242304,SCLC,0.058125
930,MG-132,NCIH1299,-1.539457,LCLC,-0.353154
931,MG-132,LCLC103H,-1.584855,LCLC,-0.415987
932,MG-132,NCIH1963,-1.198638,SCLC,0.118562
933,MG-132,NCIH526,-1.301196,SCLC,-0.023385
934,MG-132,CHAGOK1,-1.121442,NSCLC,0.225406
935,MG-132,NCIH2172,-1.251611,NSCLC,0.045244
936,MG-132,LU135,-1.255722,SCLC,0.039554
937,MIRA-1,HCC827,6.042,LUAD,0.651605
938,MIRA-1,PC14,6.033752,LUAD,0.644923
939,MIRA-1,RERFLCSQ1,5.343939,LUSC,0.086117
940,MIRA-1,NCIH2228,6.098174,LUAD,0.69711
941,MIRA-1,NCIH2170,5.600941,LUSC,0.29431
942,MIRA-1,NCIH146,4.7334,SCLC,-0.40847
943,MIRA-1,NCIH1299,5.80748,LCLC,0.461624
944,MIRA-1,LCLC103H,5.568158,LCLC,0.267753
945,MIRA-1,NCIH1963,5.070128,SCLC,-0.135692
946,MIRA-1,NCIH526,4.309615,SCLC,-0.75177
947,MIRA-1,CHAGOK1,5.874889,NSCLC,0.516231
948,MIRA-1,NCIH2172,5.602193,NSCLC,0.295325
949,MIRA-1,LU135,5.05857,SCLC,-0.145055
950,MK-1775,HCC827,1.006748,LUAD,0.260761
951,MK-1775,PC14,0.563972,LUAD,-0.051088
952,MK-1775,RERFLCSQ1,-0.03226,LUSC,-0.471017
953,MK-1775,NCIH2228,0.668641,LUAD,0.022631
954,MK-1775,NCIH2170,-0.105722,LUSC,-0.522757
955,MK-1775,NCIH146,0.465926,SCLC,-0.120142
956,MK-1775,NCIH1299,0.397674,LCLC,-0.168213
957,MK-1775,LCLC103H,0.615345,LCLC,-0.014906
958,MK-1775,NCIH1963,0.175788,SCLC,-0.324488
959,MK-1775,NCIH526,-0.724549,SCLC,-0.9586
960,MK-1775,CHAGOK1,0.693299,NSCLC,0.039997
961,MK-1775,NCIH2172,0.838035,NSCLC,0.141936
962,MK-1775,LU135,-0.222345,SCLC,-0.604895
963,MK-2206,HCC827,3.514735,LUAD,0.530692
964,MK-2206,PC14,3.337335,LUAD,0.411449
965,MK-2206,RERFLCSQ1,2.24607,LUSC,-0.322066
966,MK-2206,NCIH2228,3.015847,LUAD,0.195355
967,MK-2206,NCIH2170,2.337891,LUSC,-0.260347
968,MK-2206,NCIH146,3.254543,SCLC,0.355799
969,MK-2206,NCIH1299,3.857701,LCLC,0.761223
970,MK-2206,LCLC103H,3.208101,LCLC,0.324582
971,MK-2206,NCIH1963,3.685733,SCLC,0.645632
972,MK-2206,NCIH526,2.839857,SCLC,0.07706
973,MK-2206,CHAGOK1,3.455828,NSCLC,0.491096
974,MK-2206,NCIH2172,3.456453,NSCLC,0.491517
975,MK-2206,LU135,2.430818,SCLC,-0.197884
976,ML323,HCC827,5.090003,LUAD,0.524717
977,ML323,PC14,4.847605,LUAD,0.295086
978,ML323,RERFLCSQ1,4.570127,LUSC,0.032223
979,ML323,NCIH2228,5.091005,LUAD,0.525666
980,ML323,NCIH2170,4.336823,LUSC,-0.188792
981,ML323,NCIH146,4.866178,SCLC,0.312681
982,ML323,NCIH1299,4.768521,LCLC,0.220168
983,ML323,LCLC103H,4.778633,LCLC,0.229747
984,ML323,NCIH1963,4.655993,SCLC,0.113567
985,ML323,NCIH526,4.147943,SCLC,-0.367724
986,ML323,CHAGOK1,4.128327,NSCLC,-0.386307
987,ML323,NCIH2172,4.073029,NSCLC,-0.438692
988,ML323,LU135,4.422431,SCLC,-0.107693
989,MN-64,HCC827,5.017004,LUAD,0.331604
990,MN-64,PC14,4.92605,LUAD,0.243816
991,MN-64,RERFLCSQ1,4.235564,LUSC,-0.422639
992,MN-64,NCIH2228,4.942693,LUAD,0.259879
993,MN-64,NCIH2170,4.386149,LUSC,-0.277295
994,MN-64,NCIH146,4.717089,SCLC,0.042127
995,MN-64,NCIH1299,4.943532,LCLC,0.260689
996,MN-64,LCLC103H,4.683193,LCLC,0.009411
997,MN-64,NCIH1963,4.871004,SCLC,0.190685
998,MN-64,NCIH526,4.075019,SCLC,-0.577597
999,MN-64,CHAGOK1,4.860415,NSCLC,0.180465
1000,MN-64,NCIH2172,4.343996,NSCLC,-0.317981
1001,MN-64,LU135,4.617653,SCLC,-0.053848
1002,Mirin,HCC827,5.455935,LUAD,0.56875
1003,Mirin,PC14,5.65109,LUAD,0.733637
1004,Mirin,RERFLCSQ1,4.716145,LUSC,-0.056301
1005,Mirin,NCIH2228,5.199571,LUAD,0.352147
1006,Mirin,NCIH2170,4.421782,LUSC,-0.305009
1007,Mirin,NCIH146,4.401388,SCLC,-0.32224
1008,Mirin,NCIH1299,4.876082,LCLC,0.07883
1009,Mirin,LCLC103H,5.233825,LCLC,0.381088
1010,Mirin,NCIH1963,4.384685,SCLC,-0.336352
1011,Mirin,NCIH526,4.093535,SCLC,-0.582346
1012,Mirin,CHAGOK1,5.292768,NSCLC,0.430889
1013,Mirin,NCIH2172,5.135997,NSCLC,0.298433
1014,Mirin,LU135,4.314851,SCLC,-0.395355
1015,Motesanib,HCC827,6.298216,LUAD,0.720719
1016,Motesanib,PC14,6.154028,LUAD,0.593512
1017,Motesanib,RERFLCSQ1,5.398672,LUSC,-0.072886
1018,Motesanib,NCIH2228,6.500201,LUAD,0.898916
1019,Motesanib,NCIH2170,5.747171,LUSC,0.23457
1020,Motesanib,NCIH146,5.7218,SCLC,0.212187
1021,Motesanib,NCIH1299,5.908326,LCLC,0.376746
1022,Motesanib,LCLC103H,5.891088,LCLC,0.361538
1023,Motesanib,NCIH1963,5.675537,SCLC,0.171372
1024,Motesanib,NCIH526,4.838099,SCLC,-0.567441
1025,Motesanib,CHAGOK1,5.669926,NSCLC,0.166422
1026,Motesanib,NCIH2172,5.325191,NSCLC,-0.137713
1027,Motesanib,LU135,5.0324,SCLC,-0.396023
1028,NU7441,HCC827,3.869419,LUAD,0.548233
1029,NU7441,PC14,3.773527,LUAD,0.476873
1030,NU7441,RERFLCSQ1,2.206861,LUSC,-0.688986
1031,NU7441,NCIH2228,3.440788,LUAD,0.22926
1032,NU7441,NCIH2170,2.845095,LUSC,-0.214034
1033,NU7441,NCIH146,3.236471,SCLC,0.077215
1034,NU7441,NCIH1299,3.449384,LCLC,0.235657
1035,NU7441,LCLC103H,3.272515,LCLC,0.104037
1036,NU7441,NCIH1963,3.928864,SCLC,0.59247
1037,NU7441,NCIH526,2.565055,SCLC,-0.42243
1038,NU7441,CHAGOK1,3.549237,NSCLC,0.309964
1039,NU7441,NCIH2172,3.141634,NSCLC,0.00664
1040,NU7441,LU135,2.866533,SCLC,-0.19808
1041,NVP-ADW742,HCC827,2.969955,LUAD,0.059553
1042,NVP-ADW742,PC14,3.075143,LUAD,0.130983
1043,NVP-ADW742,RERFLCSQ1,2.028041,LUSC,-0.580075
1044,NVP-ADW742,NCIH2228,2.942602,LUAD,0.040978
1045,NVP-ADW742,NCIH2170,1.869888,LUSC,-0.687472
1046,NVP-ADW742,NCIH146,2.126654,SCLC,-0.513109
1047,NVP-ADW742,NCIH1299,3.060195,LCLC,0.120832
1048,NVP-ADW742,LCLC103H,2.968386,LCLC,0.058487
1049,NVP-ADW742,NCIH1963,2.944029,SCLC,0.041947
1050,NVP-ADW742,NCIH526,1.713259,SCLC,-0.793834
1051,NVP-ADW742,CHAGOK1,3.508862,NSCLC,0.425509
1052,NVP-ADW742,NCIH2172,3.321397,NSCLC,0.298207
1053,NVP-ADW742,LU135,2.160539,SCLC,-0.490099
1054,Navitoclax,HCC827,2.815658,LUAD,0.512153
1055,Navitoclax,PC14,2.617806,LUAD,0.414659
1056,Navitoclax,RERFLCSQ1,2.528009,LUSC,0.37041
1057,Navitoclax,NCIH2228,3.135134,LUAD,0.669579
1058,Navitoclax,NCIH2170,2.520252,LUSC,0.366588
1059,Navitoclax,NCIH146,1.215291,SCLC,-0.276449
1060,Navitoclax,NCIH1299,2.764237,LCLC,0.486814
1061,Navitoclax,LCLC103H,2.804499,LCLC,0.506654
1062,Navitoclax,NCIH1963,-0.684435,SCLC,-1.212564
1063,Navitoclax,NCIH526,-2.620544,SCLC,-2.166607
1064,Navitoclax,CHAGOK1,2.440071,NSCLC,0.327077
1065,Navitoclax,NCIH2172,2.617894,NSCLC,0.414702
1066,Navitoclax,LU135,-0.440237,SCLC,-1.092232
1067,Nilotinib,HCC827,4.126923,LUAD,0.446986
1068,Nilotinib,PC14,4.582771,LUAD,0.714129
1069,Nilotinib,RERFLCSQ1,3.090999,LUSC,-0.1601
1070,Nilotinib,NCIH2228,4.313403,LUAD,0.55627
1071,Nilotinib,NCIH2170,3.375685,LUSC,0.006735
1072,Nilotinib,NCIH146,3.76264,SCLC,0.233504
1073,Nilotinib,NCIH1299,3.761154,LCLC,0.232633
1074,Nilotinib,LCLC103H,4.041664,LCLC,0.397022
1075,Nilotinib,NCIH1963,4.208946,SCLC,0.495055
1076,Nilotinib,NCIH526,3.020346,SCLC,-0.201506
1077,Nilotinib,CHAGOK1,4.156449,NSCLC,0.46429
1078,Nilotinib,NCIH2172,3.405239,NSCLC,0.024055
1079,Nilotinib,LU135,3.667314,SCLC,0.17764
1080,Niraparib,HCC827,5.142127,LUAD,0.6783
1081,Niraparib,PC14,5.072393,LUAD,0.632302
1082,Niraparib,RERFLCSQ1,4.610546,LUSC,0.327656
1083,Niraparib,NCIH2228,4.801138,LUAD,0.453375
1084,Niraparib,NCIH2170,3.93772,LUSC,-0.116156
1085,Niraparib,NCIH146,3.504692,SCLC,-0.401792
1086,Niraparib,NCIH1299,4.637407,LCLC,0.345375
1087,Niraparib,LCLC103H,4.588399,LCLC,0.313048
1088,Niraparib,NCIH1963,3.117713,SCLC,-0.657052
1089,Niraparib,NCIH526,2.129664,SCLC,-1.308793
1090,Niraparib,CHAGOK1,4.951859,NSCLC,0.552795
1091,Niraparib,NCIH2172,4.569236,NSCLC,0.300407
1092,Niraparib,LU135,2.634507,SCLC,-0.975787
1093,Nutlin-3a (-),HCC827,5.914994,LUAD,0.834015
1094,Nutlin-3a (-),PC14,6.24349,LUAD,1.017404
1095,Nutlin-3a (-),RERFLCSQ1,4.807661,LUSC,0.215825
1096,Nutlin-3a (-),NCIH2228,5.870397,LUAD,0.809118
1097,Nutlin-3a (-),NCIH2170,5.608882,LUSC,0.663122
1098,Nutlin-3a (-),NCIH146,5.292308,SCLC,0.486388
1099,Nutlin-3a (-),NCIH1299,5.651486,LCLC,0.686906
1100,Nutlin-3a (-),LCLC103H,5.402264,LCLC,0.547773
1101,Nutlin-3a (-),NCIH1963,4.928409,SCLC,0.283235
1102,Nutlin-3a (-),NCIH526,4.580024,SCLC,0.088742
1103,Nutlin-3a (-),CHAGOK1,6.036888,NSCLC,0.902064
1104,Nutlin-3a (-),NCIH2172,5.763206,NSCLC,0.749276
1105,Nutlin-3a (-),LU135,4.939695,SCLC,0.289535
1106,OF-1,HCC827,5.13256,LUAD,0.86421
1107,OF-1,PC14,4.678375,LUAD,0.476035
1108,OF-1,RERFLCSQ1,4.566142,LUSC,0.380114
1109,OF-1,NCIH2228,4.943954,LUAD,0.703015
1110,OF-1,NCIH2170,4.332555,LUSC,0.180476
1111,OF-1,NCIH146,4.223232,SCLC,0.087041
1112,OF-1,NCIH1299,4.658306,LCLC,0.458883
1113,OF-1,LCLC103H,4.473434,LCLC,0.30088
1114,OF-1,NCIH1963,4.523993,SCLC,0.34409
1115,OF-1,NCIH526,3.939116,SCLC,-0.155782
1116,OF-1,CHAGOK1,4.189145,NSCLC,0.057908
1117,OF-1,NCIH2172,3.821627,NSCLC,-0.256195
1118,OF-1,LU135,3.877543,SCLC,-0.208406
1119,OSI-027,HCC827,2.469284,LUAD,-0.077385
1120,OSI-027,PC14,2.966609,LUAD,0.255526
1121,OSI-027,RERFLCSQ1,2.068642,LUSC,-0.345576
1122,OSI-027,NCIH2228,2.143936,LUAD,-0.295174
1123,OSI-027,NCIH2170,1.965268,LUSC,-0.414775
1124,OSI-027,NCIH146,2.719342,SCLC,0.090005
1125,OSI-027,NCIH1299,3.126451,LCLC,0.362525
1126,OSI-027,LCLC103H,2.362662,LCLC,-0.148758
1127,OSI-027,NCIH1963,3.328294,SCLC,0.497639
1128,OSI-027,NCIH526,2.265535,SCLC,-0.213775
1129,OSI-027,CHAGOK1,2.860468,NSCLC,0.184475
1130,OSI-027,NCIH2172,2.56359,NSCLC,-0.014256
1131,OSI-027,LU135,3.566088,SCLC,0.656819
1132,OTX015,HCC827,2.157932,LUAD,-0.076397
1133,OTX015,PC14,3.784065,LUAD,0.794168
1134,OTX015,RERFLCSQ1,1.806108,LUSC,-0.26475
1135,OTX015,NCIH2228,2.850016,LUAD,0.294116
1136,OTX015,NCIH2170,1.726274,LUSC,-0.30749
1137,OTX015,NCIH146,1.734145,SCLC,-0.303276
1138,OTX015,NCIH1299,2.502441,LCLC,0.108039
1139,OTX015,LCLC103H,2.480977,LCLC,0.096548
1140,OTX015,NCIH1963,3.705405,SCLC,0.752057
1141,OTX015,NCIH526,2.306969,SCLC,0.003391
1142,OTX015,CHAGOK1,2.93408,NSCLC,0.339121
1143,OTX015,NCIH2172,2.357176,NSCLC,0.03027
1144,OTX015,LU135,2.421524,SCLC,0.064719
1145,Olaparib,HCC827,4.871305,LUAD,0.492907
1146,Olaparib,PC14,4.988499,LUAD,0.582935
1147,Olaparib,RERFLCSQ1,4.606164,LUSC,0.289227
1148,Olaparib,NCIH2228,4.956842,LUAD,0.558616
1149,Olaparib,NCIH2170,4.564075,LUSC,0.256895
1150,Olaparib,NCIH146,3.89103,SCLC,-0.260134
1151,Olaparib,NCIH1299,4.452664,LCLC,0.17131
1152,Olaparib,LCLC103H,4.726956,LCLC,0.382019
1153,Olaparib,NCIH1963,3.66172,SCLC,-0.436289
1154,Olaparib,NCIH526,2.031497,SCLC,-1.688617
1155,Olaparib,CHAGOK1,4.62919,NSCLC,0.306916
1156,Olaparib,NCIH2172,4.481726,NSCLC,0.193635
1157,Olaparib,LU135,2.338044,SCLC,-1.453129
1158,Osimertinib,HCC827,1.613732,LUAD,-0.030774
1159,Osimertinib,PC14,1.406334,LUAD,-0.192835
1160,Osimertinib,RERFLCSQ1,1.884604,LUSC,0.180886
1161,Osimertinib,NCIH2228,1.302258,LUAD,-0.27416
1162,Osimertinib,NCIH2170,0.223707,LUSC,-1.116941
1163,Osimertinib,NCIH146,1.614983,SCLC,-0.029796
1164,Osimertinib,NCIH1299,2.251265,LCLC,0.467395
1165,Osimertinib,LCLC103H,1.967945,LCLC,0.246009
1166,Osimertinib,NCIH1963,1.739921,SCLC,0.06783
1167,Osimertinib,NCIH526,1.032332,SCLC,-0.485081
1168,Osimertinib,CHAGOK1,0.176358,NSCLC,-1.15394
1169,Osimertinib,NCIH2172,1.736524,NSCLC,0.065176
1170,Osimertinib,LU135,1.499922,SCLC,-0.119705
1171,Oxaliplatin,HCC827,5.771776,LUAD,0.831072
1172,Oxaliplatin,PC14,5.827568,LUAD,0.862356
1173,Oxaliplatin,RERFLCSQ1,4.72294,LUSC,0.242964
1174,Oxaliplatin,NCIH2228,4.925,LUAD,0.356264
1175,Oxaliplatin,NCIH2170,4.402952,LUSC,0.06354
1176,Oxaliplatin,NCIH146,3.634294,SCLC,-0.367465
1177,Oxaliplatin,NCIH1299,4.933762,LCLC,0.361177
1178,Oxaliplatin,LCLC103H,4.779189,LCLC,0.274505
1179,Oxaliplatin,NCIH1963,3.713621,SCLC,-0.322985
1180,Oxaliplatin,NCIH526,2.088152,SCLC,-1.234424
1181,Oxaliplatin,CHAGOK1,5.057968,NSCLC,0.430823
1182,Oxaliplatin,NCIH2172,5.292252,NSCLC,0.562191
1183,Oxaliplatin,LU135,3.545223,SCLC,-0.41741
1184,P22077,HCC827,5.179766,LUAD,0.510805
1185,P22077,PC14,4.910491,LUAD,0.332738
1186,P22077,RERFLCSQ1,4.638803,LUSC,0.153076
1187,P22077,NCIH2228,5.465537,LUAD,0.699781
1188,P22077,NCIH2170,4.502756,LUSC,0.06311
1189,P22077,NCIH146,4.389809,SCLC,-0.01158
1190,P22077,NCIH1299,4.865644,LCLC,0.303082
1191,P22077,LCLC103H,4.82789,LCLC,0.278116
1192,P22077,NCIH1963,4.583871,SCLC,0.11675
1193,P22077,NCIH526,3.385643,SCLC,-0.675618
1194,P22077,CHAGOK1,4.914202,NSCLC,0.335192
1195,P22077,NCIH2172,4.754527,NSCLC,0.229602
1196,P22077,LU135,3.764091,SCLC,-0.425356
1197,PCI-34051,HCC827,5.013659,LUAD,0.480222
1198,PCI-34051,PC14,5.132931,LUAD,0.572958
1199,PCI-34051,RERFLCSQ1,4.439216,LUSC,0.033585
1200,PCI-34051,NCIH2228,5.139773,LUAD,0.578277
1201,PCI-34051,NCIH2170,4.578303,LUSC,0.141727
1202,PCI-34051,NCIH146,4.018765,SCLC,-0.293322
1203,PCI-34051,NCIH1299,4.850463,LCLC,0.353335
1204,PCI-34051,LCLC103H,4.442307,LCLC,0.035988
1205,PCI-34051,NCIH1963,4.184501,SCLC,-0.16446
1206,PCI-34051,NCIH526,3.106165,SCLC,-1.002881
1207,PCI-34051,CHAGOK1,5.151949,NSCLC,0.587744
1208,PCI-34051,NCIH2172,4.556578,NSCLC,0.124835
1209,PCI-34051,LU135,4.126077,SCLC,-0.209885
1210,PD0325901,HCC827,0.875803,LUAD,-0.21861
1211,PD0325901,PC14,2.556559,LUAD,0.564834
1212,PD0325901,RERFLCSQ1,2.521389,LUSC,0.54844
1213,PD0325901,NCIH2228,0.65626,LUAD,-0.320945
1214,PD0325901,NCIH2170,0.419477,LUSC,-0.431316
1215,PD0325901,NCIH146,3.240124,SCLC,0.883461
1216,PD0325901,NCIH1299,0.856339,LCLC,-0.227683
1217,PD0325901,LCLC103H,2.232779,LCLC,0.413912
1218,PD0325901,NCIH1963,3.300756,SCLC,0.911724
1219,PD0325901,NCIH526,2.788532,SCLC,0.672963
1220,PD0325901,CHAGOK1,2.109738,NSCLC,0.356559
1221,PD0325901,NCIH2172,2.618689,NSCLC,0.593794
1222,PD0325901,LU135,3.621654,SCLC,1.061303
1223,PD173074,HCC827,4.359511,LUAD,0.424219
1224,PD173074,PC14,4.574629,LUAD,0.577279
1225,PD173074,RERFLCSQ1,3.192805,LUSC,-0.405914
1226,PD173074,NCIH2228,4.670794,LUAD,0.645702
1227,PD173074,NCIH2170,3.5463,LUSC,-0.154396
1228,PD173074,NCIH146,3.805214,SCLC,0.029826
1229,PD173074,NCIH1299,4.499624,LCLC,0.523912
1230,PD173074,LCLC103H,4.091113,LCLC,0.233249
1231,PD173074,NCIH1963,3.921707,SCLC,0.112713
1232,PD173074,NCIH526,2.021947,SCLC,-1.239001
1233,PD173074,CHAGOK1,4.632881,NSCLC,0.618726
1234,PD173074,NCIH2172,4.424395,NSCLC,0.470385
1235,PD173074,LU135,3.980364,SCLC,0.154449
1236,PFI-1,HCC827,4.36802,LUAD,0.278412
1237,PFI-1,PC14,4.633108,LUAD,0.513811
1238,PFI-1,RERFLCSQ1,4.128468,LUSC,0.065689
1239,PFI-1,NCIH2228,4.701329,LUAD,0.574391
1240,PFI-1,NCIH2170,4.086212,LUSC,0.028166
1241,PFI-1,NCIH146,3.775791,SCLC,-0.247489
1242,PFI-1,NCIH1299,4.143933,LCLC,0.079422
1243,PFI-1,LCLC103H,4.13634,LCLC,0.072679
1244,PFI-1,NCIH1963,4.301498,SCLC,0.21934
1245,PFI-1,NCIH526,3.738936,SCLC,-0.280216
1246,PFI-1,CHAGOK1,4.298995,NSCLC,0.217117
1247,PFI-1,NCIH2172,4.043012,NSCLC,-0.010196
1248,PFI-1,LU135,4.154346,SCLC,0.088669
1249,PFI3,HCC827,5.753584,LUAD,0.423682
1250,PFI3,PC14,5.575818,LUAD,0.212357
1251,PFI3,RERFLCSQ1,5.20883,LUSC,-0.223912
1252,PFI3,NCIH2228,5.913645,LUAD,0.61396
1253,PFI3,NCIH2170,5.301957,LUSC,-0.113204
1254,PFI3,NCIH146,5.378052,SCLC,-0.022744
1255,PFI3,NCIH1299,5.490832,LCLC,0.111327
1256,PFI3,LCLC103H,5.525673,LCLC,0.152745
1257,PFI3,NCIH1963,5.300494,SCLC,-0.114943
1258,PFI3,NCIH526,4.683341,SCLC,-0.848604
1259,PFI3,CHAGOK1,5.477183,NSCLC,0.095101
1260,PFI3,NCIH2172,5.063207,NSCLC,-0.397026
1261,PFI3,LU135,4.901198,SCLC,-0.589619
1262,PLX-4720,HCC827,4.956226,LUAD,0.50367
1263,PLX-4720,PC14,4.809005,LUAD,0.403861
1264,PLX-4720,RERFLCSQ1,4.227364,LUSC,0.009534
1265,PLX-4720,NCIH2228,4.663876,LUAD,0.30547
1266,PLX-4720,NCIH2170,4.442809,LUSC,0.155596
1267,PLX-4720,NCIH146,4.473942,SCLC,0.176703
1268,PLX-4720,NCIH1299,4.730977,LCLC,0.350962
1269,PLX-4720,LCLC103H,4.603001,LCLC,0.264199
1270,PLX-4720,NCIH1963,4.956026,SCLC,0.503535
1271,PLX-4720,NCIH526,4.420067,SCLC,0.140178
1272,PLX-4720,CHAGOK1,4.833459,NSCLC,0.42044
1273,PLX-4720,NCIH2172,4.503765,NSCLC,0.196922
1274,PLX-4720,LU135,4.693316,SCLC,0.325429
1275,PRIMA-1MET,HCC827,5.065796,LUAD,0.358768
1276,PRIMA-1MET,PC14,6.092162,LUAD,0.928333
1277,PRIMA-1MET,RERFLCSQ1,3.66577,LUSC,-0.418154
1278,PRIMA-1MET,NCIH2228,5.673364,LUAD,0.695928
1279,PRIMA-1MET,NCIH2170,5.213646,LUSC,0.440815
1280,PRIMA-1MET,NCIH146,3.185525,SCLC,-0.684658
1281,PRIMA-1MET,NCIH1299,4.391226,LCLC,-0.015574
1282,PRIMA-1MET,LCLC103H,4.460559,LCLC,0.022902
1283,PRIMA-1MET,NCIH1963,3.95589,SCLC,-0.257156
1284,PRIMA-1MET,NCIH526,3.266933,SCLC,-0.639482
1285,PRIMA-1MET,CHAGOK1,5.673325,NSCLC,0.695906
1286,PRIMA-1MET,NCIH2172,5.564601,NSCLC,0.635572
1287,PRIMA-1MET,LU135,4.570807,SCLC,0.084082
1288,PRT062607,HCC827,3.777049,LUAD,0.433075
1289,PRT062607,PC14,4.041547,LUAD,0.622459
1290,PRT062607,RERFLCSQ1,2.445241,LUSC,-0.520517
1291,PRT062607,NCIH2228,3.079804,LUAD,-0.066162
1292,PRT062607,NCIH2170,2.770544,LUSC,-0.287596
1293,PRT062607,NCIH146,2.950619,SCLC,-0.15866
1294,PRT062607,NCIH1299,3.431846,LCLC,0.185905
1295,PRT062607,LCLC103H,3.575322,LCLC,0.288636
1296,PRT062607,NCIH1963,3.585217,SCLC,0.29572
1297,PRT062607,NCIH526,2.683255,SCLC,-0.350096
1298,PRT062607,CHAGOK1,3.971383,NSCLC,0.57222
1299,PRT062607,NCIH2172,3.377511,NSCLC,0.147
1300,PRT062607,LU135,3.637998,SCLC,0.333512
1301,Paclitaxel,HCC827,-1.962201,LUAD,0.443046
1302,Paclitaxel,PC14,-3.582581,LUAD,-0.360431
1303,Paclitaxel,RERFLCSQ1,-3.680733,LUSC,-0.4091
1304,Paclitaxel,NCIH2228,-2.17625,LUAD,0.336909
1305,Paclitaxel,NCIH2170,-3.888216,LUSC,-0.511982
1306,Paclitaxel,NCIH146,-2.833579,SCLC,0.010967
1307,Paclitaxel,NCIH1299,-3.410423,LCLC,-0.275065
1308,Paclitaxel,LCLC103H,-1.895707,LCLC,0.476018
1309,Paclitaxel,NCIH1963,-2.703129,SCLC,0.075652
1310,Paclitaxel,NCIH526,-4.313172,SCLC,-0.722699
1311,Paclitaxel,CHAGOK1,-2.195514,NSCLC,0.327356
1312,Paclitaxel,NCIH2172,-2.057513,NSCLC,0.395785
1313,Paclitaxel,LU135,-3.351198,SCLC,-0.245698
1314,Palbociclib,HCC827,4.042367,LUAD,0.359791
1315,Palbociclib,PC14,4.559023,LUAD,0.685211
1316,Palbociclib,RERFLCSQ1,3.660671,LUSC,0.119376
1317,Palbociclib,NCIH2228,3.755285,LUAD,0.17897
1318,Palbociclib,NCIH2170,2.854524,LUSC,-0.388382
1319,Palbociclib,NCIH146,3.502988,SCLC,0.020058
1320,Palbociclib,NCIH1299,4.125218,LCLC,0.411975
1321,Palbociclib,LCLC103H,3.967479,LCLC,0.312622
1322,Palbociclib,NCIH1963,4.131394,SCLC,0.415865
1323,Palbociclib,NCIH526,1.974685,SCLC,-0.942556
1324,Palbociclib,CHAGOK1,4.444133,NSCLC,0.612846
1325,Palbociclib,NCIH2172,4.039461,NSCLC,0.35796
1326,Palbociclib,LU135,3.545196,SCLC,0.046644
1327,Pevonedistat,HCC827,2.030622,LUAD,0.539715
1328,Pevonedistat,PC14,1.374823,LUAD,0.234366
1329,Pevonedistat,RERFLCSQ1,0.935154,LUSC,0.029651
1330,Pevonedistat,NCIH2228,1.996928,LUAD,0.524026
1331,Pevonedistat,NCIH2170,0.540307,LUSC,-0.154195
1332,Pevonedistat,NCIH146,1.47189,SCLC,0.279562
1333,Pevonedistat,NCIH1299,0.0245,LCLC,-0.394362
1334,Pevonedistat,LCLC103H,1.899251,LCLC,0.478547
1335,Pevonedistat,NCIH1963,0.67931,SCLC,-0.089474
1336,Pevonedistat,NCIH526,-1.686979,SCLC,-1.191248
1337,Pevonedistat,CHAGOK1,1.944313,NSCLC,0.499528
1338,Pevonedistat,NCIH2172,2.084653,NSCLC,0.564872
1339,Pevonedistat,LU135,-0.786502,SCLC,-0.771974
1340,Picolinici-acid,HCC827,5.634407,LUAD,0.453282
1341,Picolinici-acid,PC14,5.462047,LUAD,0.239576
1342,Picolinici-acid,RERFLCSQ1,5.135909,LUSC,-0.164796
1343,Picolinici-acid,NCIH2228,5.632235,LUAD,0.450589
1344,Picolinici-acid,NCIH2170,5.221256,LUSC,-0.058976
1345,Picolinici-acid,NCIH146,5.240119,SCLC,-0.035588
1346,Picolinici-acid,NCIH1299,5.442443,LCLC,0.215269
1347,Picolinici-acid,LCLC103H,5.457725,LCLC,0.234217
1348,Picolinici-acid,NCIH1963,5.297373,SCLC,0.0354
1349,Picolinici-acid,NCIH526,4.747516,SCLC,-0.646357
1350,Picolinici-acid,CHAGOK1,5.546662,NSCLC,0.344489
1351,Picolinici-acid,NCIH2172,5.307527,NSCLC,0.04799
1352,Picolinici-acid,LU135,5.104298,SCLC,-0.20399
1353,Pictilisib,HCC827,1.365342,LUAD,0.114854
1354,Pictilisib,PC14,0.907731,LUAD,-0.247366
1355,Pictilisib,RERFLCSQ1,0.21747,LUSC,-0.793738
1356,Pictilisib,NCIH2228,0.583894,LUAD,-0.503697
1357,Pictilisib,NCIH2170,0.390672,LUSC,-0.656641
1358,Pictilisib,NCIH146,2.22606,SCLC,0.796151
1359,Pictilisib,NCIH1299,2.033437,LCLC,0.643681
1360,Pictilisib,LCLC103H,1.429521,LCLC,0.165655
1361,Pictilisib,NCIH1963,2.755671,SCLC,1.215362
1362,Pictilisib,NCIH526,1.286815,SCLC,0.052696
1363,Pictilisib,CHAGOK1,1.203164,NSCLC,-0.013517
1364,Pictilisib,NCIH2172,1.67314,NSCLC,0.35849
1365,Pictilisib,LU135,0.940379,SCLC,-0.221523
1366,RO-3306,HCC827,4.735157,LUAD,0.758489
1367,RO-3306,PC14,4.56701,LUAD,0.654576
1368,RO-3306,RERFLCSQ1,3.131492,LUSC,-0.232556
1369,RO-3306,NCIH2228,3.693075,LUAD,0.114495
1370,RO-3306,NCIH2170,3.03916,LUSC,-0.289616
1371,RO-3306,NCIH146,2.615755,SCLC,-0.551275
1372,RO-3306,NCIH1299,4.118883,LCLC,0.377639
1373,RO-3306,LCLC103H,4.171749,LCLC,0.41031
1374,RO-3306,NCIH1963,2.705707,SCLC,-0.495686
1375,RO-3306,NCIH526,1.758667,SCLC,-1.080945
1376,RO-3306,CHAGOK1,4.198289,NSCLC,0.426711
1377,RO-3306,NCIH2172,3.591823,NSCLC,0.051923
1378,RO-3306,LU135,2.255868,SCLC,-0.773681
1379,RVX-208,HCC827,5.337145,LUAD,0.555863
1380,RVX-208,PC14,5.524518,LUAD,0.72994
1381,RVX-208,RERFLCSQ1,4.675989,LUSC,-0.058376
1382,RVX-208,NCIH2228,5.374279,LUAD,0.590362
1383,RVX-208,NCIH2170,4.847385,LUSC,0.100857
1384,RVX-208,NCIH146,4.537498,SCLC,-0.18704
1385,RVX-208,NCIH1299,5.150287,LCLC,0.382265
1386,RVX-208,LCLC103H,5.016095,LCLC,0.257595
1387,RVX-208,NCIH1963,5.011351,SCLC,0.253188
1388,RVX-208,NCIH526,4.441346,SCLC,-0.276368
1389,RVX-208,CHAGOK1,5.277552,NSCLC,0.500499
1390,RVX-208,NCIH2172,5.006055,NSCLC,0.248268
1391,RVX-208,LU135,4.816303,SCLC,0.071981
1392,Refametinib,HCC827,1.647788,LUAD,-0.32567
1393,Refametinib,PC14,2.779993,LUAD,0.264756
1394,Refametinib,RERFLCSQ1,2.549062,LUSC,0.144329
1395,Refametinib,NCIH2228,0.691696,LUAD,-0.824255
1396,Refametinib,NCIH2170,2.051843,LUSC,-0.114962
1397,Refametinib,NCIH146,4.363325,SCLC,1.090436
1398,Refametinib,NCIH1299,1.208161,LCLC,-0.554928
1399,Refametinib,LCLC103H,2.4533,LCLC,0.094391
1400,Refametinib,NCIH1963,4.424412,SCLC,1.122292
1401,Refametinib,NCIH526,3.198973,SCLC,0.483247
1402,Refametinib,CHAGOK1,2.577841,NSCLC,0.159337
1403,Refametinib,NCIH2172,3.190249,NSCLC,0.478697
1404,Refametinib,LU135,4.222619,SCLC,1.01706
1405,Ribociclib,HCC827,4.260665,LUAD,0.492255
1406,Ribociclib,PC14,4.415998,LUAD,0.619246
1407,Ribociclib,RERFLCSQ1,3.435569,LUSC,-0.182293
1408,Ribociclib,NCIH2228,4.056041,LUAD,0.324967
1409,Ribociclib,NCIH2170,3.132248,LUSC,-0.43027
1410,Ribociclib,NCIH146,3.649199,SCLC,-0.007642
1411,Ribociclib,NCIH1299,4.149539,LCLC,0.401406
1412,Ribociclib,LCLC103H,4.218567,LCLC,0.457839
1413,Ribociclib,NCIH1963,4.330128,SCLC,0.549044
1414,Ribociclib,NCIH526,3.103567,SCLC,-0.453718
1415,Ribociclib,CHAGOK1,4.08694,NSCLC,0.350228
1416,Ribociclib,NCIH2172,4.145921,NSCLC,0.398448
1417,Ribociclib,LU135,3.847344,SCLC,0.154349
1418,Rucaparib,HCC827,4.737974,LUAD,0.706811
1419,Rucaparib,PC14,4.649011,LUAD,0.623076
1420,Rucaparib,RERFLCSQ1,4.176669,LUSC,0.17849
1421,Rucaparib,NCIH2228,4.458523,LUAD,0.443781
1422,Rucaparib,NCIH2170,3.877879,LUSC,-0.102742
1423,Rucaparib,NCIH146,3.695348,SCLC,-0.274546
1424,Rucaparib,NCIH1299,4.480147,LCLC,0.464135
1425,Rucaparib,LCLC103H,4.281662,LCLC,0.277313
1426,Rucaparib,NCIH1963,3.841542,SCLC,-0.136943
1427,Rucaparib,NCIH526,2.602906,SCLC,-1.302792
1428,Rucaparib,CHAGOK1,4.573281,NSCLC,0.551796
1429,Rucaparib,NCIH2172,4.338222,NSCLC,0.33055
1430,Rucaparib,LU135,3.42671,SCLC,-0.527398
1431,Ruxolitinib,HCC827,5.759459,LUAD,0.827362
1432,Ruxolitinib,PC14,5.325128,LUAD,0.453711
1433,Ruxolitinib,RERFLCSQ1,4.712678,LUSC,-0.073174
1434,Ruxolitinib,NCIH2228,5.515194,LUAD,0.617223
1435,Ruxolitinib,NCIH2170,4.830188,LUSC,0.027919
1436,Ruxolitinib,NCIH146,4.98773,SCLC,0.163451
1437,Ruxolitinib,NCIH1299,5.538799,LCLC,0.63753
1438,Ruxolitinib,LCLC103H,5.13266,LCLC,0.288133
1439,Ruxolitinib,NCIH1963,5.023202,SCLC,0.193967
1440,Ruxolitinib,NCIH526,4.139305,SCLC,-0.566441
1441,Ruxolitinib,CHAGOK1,5.548388,NSCLC,0.64578
1442,Ruxolitinib,NCIH2172,4.926748,NSCLC,0.110989
1443,Ruxolitinib,LU135,4.940055,SCLC,0.122437
1444,SB216763,HCC827,5.49939,LUAD,0.306803
1445,SB216763,PC14,5.383728,LUAD,0.195473
1446,SB216763,RERFLCSQ1,4.919888,LUSC,-0.250996
1447,SB216763,NCIH2228,5.77131,LUAD,0.568539
1448,SB216763,NCIH2170,5.186221,LUSC,0.005362
1449,SB216763,NCIH146,5.229163,SCLC,0.046696
1450,SB216763,NCIH1299,5.372497,LCLC,0.184662
1451,SB216763,LCLC103H,5.170568,LCLC,-0.009704
1452,SB216763,NCIH1963,5.226435,SCLC,0.04407
1453,SB216763,NCIH526,4.596357,SCLC,-0.562411
1454,SB216763,CHAGOK1,5.253893,NSCLC,0.0705
1455,SB216763,NCIH2172,5.204545,NSCLC,0.023
1456,SB216763,LU135,4.879689,SCLC,-0.28969
1457,SB590885,HCC827,4.617467,LUAD,0.203028
1458,SB590885,PC14,4.812645,LUAD,0.347025
1459,SB590885,RERFLCSQ1,4.454077,LUSC,0.082484
1460,SB590885,NCIH2228,4.641218,LUAD,0.220551
1461,SB590885,NCIH2170,4.215509,LUSC,-0.093525
1462,SB590885,NCIH146,4.416879,SCLC,0.05504
1463,SB590885,NCIH1299,4.528608,LCLC,0.13747
1464,SB590885,LCLC103H,4.590004,LCLC,0.182767
1465,SB590885,NCIH1963,4.686057,SCLC,0.253632
1466,SB590885,NCIH526,3.639392,SCLC,-0.518568
1467,SB590885,CHAGOK1,4.749002,NSCLC,0.300071
1468,SB590885,NCIH2172,4.603936,NSCLC,0.193045
1469,SB590885,LU135,4.359591,SCLC,0.012775
1470,SCH772984,HCC827,2.462183,LUAD,-0.019032
1471,SCH772984,PC14,3.162823,LUAD,0.362755
1472,SCH772984,RERFLCSQ1,2.614026,LUSC,0.063709
1473,SCH772984,NCIH2228,1.536463,LUAD,-0.523467
1474,SCH772984,NCIH2170,0.873394,LUSC,-0.884781
1475,SCH772984,NCIH146,4.024117,SCLC,0.832084
1476,SCH772984,NCIH1299,1.341594,LCLC,-0.629653
1477,SCH772984,LCLC103H,2.806472,LCLC,0.168575
1478,SCH772984,NCIH1963,4.511411,SCLC,1.097616
1479,SCH772984,NCIH526,3.9502,SCLC,0.791806
1480,SCH772984,CHAGOK1,2.911987,NSCLC,0.226072
1481,SCH772984,NCIH2172,3.179428,NSCLC,0.371803
1482,SCH772984,LU135,4.365351,SCLC,1.018026
1483,SGC0946,HCC827,2.599342,LUAD,0.61989
1484,SGC0946,PC14,2.222808,LUAD,0.148377
1485,SGC0946,RERFLCSQ1,2.217988,LUSC,0.142341
1486,SGC0946,NCIH2228,2.387451,LUAD,0.354551
1487,SGC0946,NCIH2170,2.130018,LUSC,0.032181
1488,SGC0946,NCIH146,2.300582,SCLC,0.245769
1489,SGC0946,NCIH1299,2.262801,LCLC,0.198458
1490,SGC0946,LCLC103H,2.289422,LCLC,0.231794
1491,SGC0946,NCIH1963,2.170321,SCLC,0.082651
1492,SGC0946,NCIH526,1.776927,SCLC,-0.409975
1493,SGC0946,CHAGOK1,2.26967,NSCLC,0.20706
1494,SGC0946,NCIH2172,2.244576,NSCLC,0.175636
1495,SGC0946,LU135,1.950086,SCLC,-0.193137
1496,SN-38,HCC827,3.437464,LUAD,1.558717
1497,SN-38,PC14,-0.252739,LUAD,0.532851
1498,SN-38,RERFLCSQ1,-1.349728,LUSC,0.227891
1499,SN-38,NCIH2228,-3.281375,LUAD,-0.309101
1500,SN-38,NCIH2170,-3.198722,LUSC,-0.286124
1501,SN-38,NCIH146,-4.337453,SCLC,-0.602688
1502,SN-38,NCIH1299,-3.753738,LCLC,-0.440417
1503,SN-38,LCLC103H,-0.74056,LCLC,0.397238
1504,SN-38,NCIH1963,-4.585735,SCLC,-0.67171
1505,SN-38,NCIH526,-6.091616,SCLC,-1.09034
1506,SN-38,CHAGOK1,-1.009672,NSCLC,0.322426
1507,SN-38,NCIH2172,2.943682,NSCLC,1.421447
1508,SN-38,LU135,-6.263311,SCLC,-1.138071
1509,Sabutoclax,HCC827,0.810162,LUAD,0.912865
1510,Sabutoclax,PC14,0.871193,LUAD,0.960937
1511,Sabutoclax,RERFLCSQ1,-0.127294,LUSC,0.174457
1512,Sabutoclax,NCIH2228,0.298702,LUAD,0.510002
1513,Sabutoclax,NCIH2170,0.362184,LUSC,0.560005
1514,Sabutoclax,NCIH146,-0.029576,SCLC,0.251427
1515,Sabutoclax,NCIH1299,-0.299045,LCLC,0.039174
1516,Sabutoclax,LCLC103H,0.454696,LCLC,0.632874
1517,Sabutoclax,NCIH1963,-0.28573,SCLC,0.049662
1518,Sabutoclax,NCIH526,-1.286595,SCLC,-0.738691
1519,Sabutoclax,CHAGOK1,0.469069,NSCLC,0.644195
1520,Sabutoclax,NCIH2172,0.601013,NSCLC,0.748124
1521,Sabutoclax,LU135,-0.445197,SCLC,-0.075946
1522,Savolitinib,HCC827,3.184423,LUAD,0.372912
1523,Savolitinib,PC14,2.849757,LUAD,0.091787
1524,Savolitinib,RERFLCSQ1,2.375322,LUSC,-0.306746
1525,Savolitinib,NCIH2228,2.750904,LUAD,0.008749
1526,Savolitinib,NCIH2170,2.316133,LUSC,-0.356466
1527,Savolitinib,NCIH146,2.305203,SCLC,-0.365647
1528,Savolitinib,NCIH1299,2.475616,LCLC,-0.222497
1529,Savolitinib,LCLC103H,2.620207,LCLC,-0.101039
1530,Savolitinib,NCIH1963,2.78989,SCLC,0.041498
1531,Savolitinib,NCIH526,1.752598,SCLC,-0.829844
1532,Savolitinib,CHAGOK1,2.563301,NSCLC,-0.148841
1533,Savolitinib,NCIH2172,2.344622,NSCLC,-0.332534
1534,Savolitinib,LU135,2.041267,SCLC,-0.587357
1535,Selumetinib,HCC827,3.979364,LUAD,0.218038
1536,Selumetinib,PC14,4.804475,LUAD,0.662825
1537,Selumetinib,RERFLCSQ1,4.311419,LUSC,0.397037
1538,Selumetinib,NCIH2228,3.204351,LUAD,-0.199744
1539,Selumetinib,NCIH2170,2.997562,LUSC,-0.311216
1540,Selumetinib,NCIH146,4.860683,SCLC,0.693125
1541,Selumetinib,NCIH1299,3.67852,LCLC,0.055864
1542,Selumetinib,LCLC103H,4.678268,LCLC,0.594792
1543,Selumetinib,NCIH1963,5.184289,SCLC,0.867569
1544,Selumetinib,NCIH526,4.627436,SCLC,0.56739
1545,Selumetinib,CHAGOK1,4.628284,NSCLC,0.567847
1546,Selumetinib,NCIH2172,4.618784,NSCLC,0.562726
1547,Selumetinib,LU135,4.923463,SCLC,0.726967
1548,Sepantronium bromide,HCC827,-5.029774,LUAD,-0.52834
1549,Sepantronium bromide,PC14,-4.253401,LUAD,-0.051443
1550,Sepantronium bromide,RERFLCSQ1,-4.131554,LUSC,0.023403
1551,Sepantronium bromide,NCIH2228,-4.107563,LUAD,0.03814
1552,Sepantronium bromide,NCIH2170,-2.575042,LUSC,0.979511
1553,Sepantronium bromide,NCIH146,-4.427815,SCLC,-0.158579
1554,Sepantronium bromide,NCIH1299,-5.960077,LCLC,-1.099791
1555,Sepantronium bromide,LCLC103H,-5.192512,LCLC,-0.628304
1556,Sepantronium bromide,NCIH1963,-4.264031,SCLC,-0.057972
1557,Sepantronium bromide,NCIH526,-4.802103,SCLC,-0.38849
1558,Sepantronium bromide,CHAGOK1,-3.724611,NSCLC,0.273373
1559,Sepantronium bromide,NCIH2172,-3.896218,NSCLC,0.167962
1560,Sepantronium bromide,LU135,-3.492672,SCLC,0.415845
1561,Serdemetan,HCC827,4.497422,LUAD,0.584955
1562,Serdemetan,PC14,4.265546,LUAD,0.403297
1563,Serdemetan,RERFLCSQ1,3.658311,LUSC,-0.072428
1564,Serdemetan,NCIH2228,4.135504,LUAD,0.301419
1565,Serdemetan,NCIH2170,3.519706,LUSC,-0.181015
1566,Serdemetan,NCIH146,3.836015,SCLC,0.06679
1567,Serdemetan,NCIH1299,4.594476,LCLC,0.66099
1568,Serdemetan,LCLC103H,4.268431,LCLC,0.405557
1569,Serdemetan,NCIH1963,3.707265,SCLC,-0.034076
1570,Serdemetan,NCIH526,2.461,SCLC,-1.010435
1571,Serdemetan,CHAGOK1,4.324445,NSCLC,0.44944
1572,Serdemetan,NCIH2172,4.172396,NSCLC,0.330321
1573,Serdemetan,LU135,3.253678,SCLC,-0.389429
1574,Sorafenib,HCC827,3.29333,LUAD,0.615532
1575,Sorafenib,PC14,3.086861,LUAD,0.445653
1576,Sorafenib,RERFLCSQ1,2.856143,LUSC,0.255822
1577,Sorafenib,NCIH2228,3.289913,LUAD,0.612721
1578,Sorafenib,NCIH2170,2.551965,LUSC,0.005549
1579,Sorafenib,NCIH146,2.663722,SCLC,0.097501
1580,Sorafenib,NCIH1299,2.772456,LCLC,0.186965
1581,Sorafenib,LCLC103H,2.956831,LCLC,0.338666
1582,Sorafenib,NCIH1963,2.656658,SCLC,0.091689
1583,Sorafenib,NCIH526,1.656044,SCLC,-0.7316
1584,Sorafenib,CHAGOK1,2.726757,NSCLC,0.149365
1585,Sorafenib,NCIH2172,2.555485,NSCLC,0.008445
1586,Sorafenib,LU135,2.314082,SCLC,-0.190177
1587,Staurosporine,HCC827,-2.532873,LUAD,0.188628
1588,Staurosporine,PC14,-2.636015,LUAD,0.114138
1589,Staurosporine,RERFLCSQ1,-4.404488,LUSC,-1.163075
1590,Staurosporine,NCIH2228,-3.291221,LUAD,-0.35906
1591,Staurosporine,NCIH2170,-3.004616,LUSC,-0.15207
1592,Staurosporine,NCIH146,-2.790763,SCLC,0.002377
1593,Staurosporine,NCIH1299,-2.234444,LCLC,0.404157
1594,Staurosporine,LCLC103H,-3.206696,LCLC,-0.298015
1595,Staurosporine,NCIH1963,-2.054756,SCLC,0.53393
1596,Staurosporine,NCIH526,-2.931873,SCLC,-0.099535
1597,Staurosporine,CHAGOK1,-2.171466,NSCLC,0.449641
1598,Staurosporine,NCIH2172,-2.425287,NSCLC,0.266328
1599,Staurosporine,LU135,-2.697678,SCLC,0.069604
1600,Talazoparib,HCC827,4.578629,LUAD,0.817819
1601,Talazoparib,PC14,4.611552,LUAD,0.832684
1602,Talazoparib,RERFLCSQ1,3.70155,LUSC,0.421819
1603,Talazoparib,NCIH2228,3.469277,LUAD,0.316948
1604,Talazoparib,NCIH2170,3.581334,LUSC,0.367542
1605,Talazoparib,NCIH146,2.223719,SCLC,-0.245419
1606,Talazoparib,NCIH1299,4.002878,LCLC,0.557868
1607,Talazoparib,LCLC103H,4.076452,LCLC,0.591087
1608,Talazoparib,NCIH1963,1.715069,SCLC,-0.475074
1609,Talazoparib,NCIH526,-2.15598,SCLC,-2.222847
1610,Talazoparib,CHAGOK1,4.451152,NSCLC,0.760263
1611,Talazoparib,NCIH2172,4.240948,NSCLC,0.665357
1612,Talazoparib,LU135,-1.651113,SCLC,-1.9949
1613,Tamoxifen,HCC827,4.185057,LUAD,0.170667
1614,Tamoxifen,PC14,4.080289,LUAD,0.085095
1615,Tamoxifen,RERFLCSQ1,3.34074,LUSC,-0.518947
1616,Tamoxifen,NCIH2228,4.633011,LUAD,0.536542
1617,Tamoxifen,NCIH2170,3.769303,LUSC,-0.168909
1618,Tamoxifen,NCIH146,4.086915,SCLC,0.090507
1619,Tamoxifen,NCIH1299,4.065277,LCLC,0.072834
1620,Tamoxifen,LCLC103H,3.920393,LCLC,-0.045503
1621,Tamoxifen,NCIH1963,4.35798,SCLC,0.311905
1622,Tamoxifen,NCIH526,3.039716,SCLC,-0.764814
1623,Tamoxifen,CHAGOK1,3.760227,NSCLC,-0.176322
1624,Tamoxifen,NCIH2172,3.754465,NSCLC,-0.181028
1625,Tamoxifen,LU135,3.835484,SCLC,-0.114854
1626,Tanespimycin,HCC827,-0.081535,LUAD,-0.00028
1627,Tanespimycin,PC14,0.356168,LUAD,0.27541
1628,Tanespimycin,RERFLCSQ1,-1.201544,LUSC,-0.705722
1629,Tanespimycin,NCIH2228,-1.050101,LUAD,-0.610335
1630,Tanespimycin,NCIH2170,-1.112669,LUSC,-0.649744
1631,Tanespimycin,NCIH146,2.076035,SCLC,1.358676
1632,Tanespimycin,NCIH1299,0.550373,LCLC,0.397731
1633,Tanespimycin,LCLC103H,0.371162,LCLC,0.284854
1634,Tanespimycin,NCIH1963,2.172911,SCLC,1.419694
1635,Tanespimycin,NCIH526,1.49024,SCLC,0.98971
1636,Tanespimycin,CHAGOK1,0.400826,NSCLC,0.303538
1637,Tanespimycin,NCIH2172,-0.139128,NSCLC,-0.036555
1638,Tanespimycin,LU135,1.1525,SCLC,0.776983
1639,Taselisib,HCC827,1.983337,LUAD,0.127639
1640,Taselisib,PC14,1.494662,LUAD,-0.160808
1641,Taselisib,RERFLCSQ1,1.078303,LUSC,-0.406569
1642,Taselisib,NCIH2228,0.338112,LUAD,-0.843475
1643,Taselisib,NCIH2170,0.288902,LUSC,-0.872522
1644,Taselisib,NCIH146,2.763434,SCLC,0.588101
1645,Taselisib,NCIH1299,3.609811,LCLC,1.087685
1646,Taselisib,LCLC103H,2.547763,LCLC,0.460798
1647,Taselisib,NCIH1963,3.315842,SCLC,0.914166
1648,Taselisib,NCIH526,1.352537,SCLC,-0.244699
1649,Taselisib,CHAGOK1,1.337227,NSCLC,-0.253735
1650,Taselisib,NCIH2172,1.944571,NSCLC,0.104757
1651,Taselisib,LU135,1.305615,SCLC,-0.272395
1652,Telomerase Inhibitor IX,HCC827,1.452784,LUAD,0.647178
1653,Telomerase Inhibitor IX,PC14,1.902768,LUAD,1.01208
1654,Telomerase Inhibitor IX,RERFLCSQ1,0.983066,LUSC,0.266272
1655,Telomerase Inhibitor IX,NCIH2228,1.492462,LUAD,0.679354
1656,Telomerase Inhibitor IX,NCIH2170,1.085302,LUSC,0.349178
1657,Telomerase Inhibitor IX,NCIH146,0.513447,SCLC,-0.114553
1658,Telomerase Inhibitor IX,NCIH1299,0.656059,LCLC,0.001095
1659,Telomerase Inhibitor IX,LCLC103H,0.935123,LCLC,0.227394
1660,Telomerase Inhibitor IX,NCIH1963,0.669412,SCLC,0.011923
1661,Telomerase Inhibitor IX,NCIH526,0.190219,SCLC,-0.376666
1662,Telomerase Inhibitor IX,CHAGOK1,1.437249,NSCLC,0.63458
1663,Telomerase Inhibitor IX,NCIH2172,1.673458,NSCLC,0.826127
1664,Telomerase Inhibitor IX,LU135,0.402153,SCLC,-0.204804
1665,Temozolomide,HCC827,7.377537,LUAD,0.854263
1666,Temozolomide,PC14,7.309202,LUAD,0.801822
1667,Temozolomide,RERFLCSQ1,6.435134,LUSC,0.131048
1668,Temozolomide,NCIH2228,7.209578,LUAD,0.725369
1669,Temozolomide,NCIH2170,6.603435,LUSC,0.260205
1670,Temozolomide,NCIH146,6.480314,SCLC,0.16572
1671,Temozolomide,NCIH1299,6.704295,LCLC,0.337606
1672,Temozolomide,LCLC103H,6.951005,LCLC,0.526936
1673,Temozolomide,NCIH1963,6.368166,SCLC,0.079655
1674,Temozolomide,NCIH526,5.822006,SCLC,-0.339476
1675,Temozolomide,CHAGOK1,7.282646,NSCLC,0.781442
1676,Temozolomide,NCIH2172,7.115676,NSCLC,0.653307
1677,Temozolomide,LU135,6.100729,SCLC,-0.12558
1678,Trametinib,HCC827,-0.291217,LUAD,-0.225302
1679,Trametinib,PC14,0.83087,LUAD,0.271665
1680,Trametinib,RERFLCSQ1,0.76142,LUSC,0.240905
1681,Trametinib,NCIH2228,-1.448153,LUAD,-0.737703
1682,Trametinib,NCIH2170,-1.718105,LUSC,-0.857263
1683,Trametinib,NCIH146,2.456615,SCLC,0.991698
1684,Trametinib,NCIH1299,-0.849697,LCLC,-0.47265
1685,Trametinib,LCLC103H,0.464325,LCLC,0.109324
1686,Trametinib,NCIH1963,2.426029,SCLC,0.978152
1687,Trametinib,NCIH526,1.883551,SCLC,0.737891
1688,Trametinib,CHAGOK1,0.79984,NSCLC,0.257922
1689,Trametinib,NCIH2172,1.625229,NSCLC,0.623482
1690,Trametinib,LU135,2.497952,SCLC,1.010006
1691,Ulixertinib,HCC827,2.831732,LUAD,0.189209
1692,Ulixertinib,PC14,3.097648,LUAD,0.366063
1693,Ulixertinib,RERFLCSQ1,2.716741,LUSC,0.112732
1694,Ulixertinib,NCIH2228,2.390689,LUAD,-0.104117
1695,Ulixertinib,NCIH2170,1.51042,LUSC,-0.68956
1696,Ulixertinib,NCIH146,3.807289,SCLC,0.838026
1697,Ulixertinib,NCIH1299,2.170644,LCLC,-0.250463
1698,Ulixertinib,LCLC103H,2.919684,LCLC,0.247704
1699,Ulixertinib,NCIH1963,3.548554,SCLC,0.665948
1700,Ulixertinib,NCIH526,3.16216,SCLC,0.408968
1701,Ulixertinib,CHAGOK1,3.119964,NSCLC,0.380905
1702,Ulixertinib,NCIH2172,3.038825,NSCLC,0.326941
1703,Ulixertinib,LU135,3.712919,SCLC,0.775263
1704,Uprosertib,HCC827,4.230968,LUAD,0.800656
1705,Uprosertib,PC14,3.775377,LUAD,0.533809
1706,Uprosertib,RERFLCSQ1,1.760392,LUSC,-0.646396
1707,Uprosertib,NCIH2228,3.105938,LUAD,0.141709
1708,Uprosertib,NCIH2170,2.291532,LUSC,-0.3353
1709,Uprosertib,NCIH146,3.457149,SCLC,0.347419
1710,Uprosertib,NCIH1299,4.381556,LCLC,0.888857
1711,Uprosertib,LCLC103H,3.345351,LCLC,0.281937
1712,Uprosertib,NCIH1963,4.028352,SCLC,0.681981
1713,Uprosertib,NCIH526,3.50778,SCLC,0.377074
1714,Uprosertib,CHAGOK1,3.71211,NSCLC,0.496753
1715,Uprosertib,NCIH2172,3.522598,NSCLC,0.385753
1716,Uprosertib,LU135,2.44456,SCLC,-0.245669
1717,VE-822,HCC827,3.638345,LUAD,0.282882
1718,VE-822,PC14,3.559473,LUAD,0.238866
1719,VE-822,RERFLCSQ1,3.258137,LUSC,0.070698
1720,VE-822,NCIH2228,3.865293,LUAD,0.409536
1721,VE-822,NCIH2170,2.648623,LUSC,-0.269456
1722,VE-822,NCIH146,3.04949,SCLC,-0.045743
1723,VE-822,NCIH1299,3.908365,LCLC,0.433574
1724,VE-822,LCLC103H,4.000736,LCLC,0.485123
1725,VE-822,NCIH1963,3.688969,SCLC,0.311134
1726,VE-822,NCIH526,2.008368,SCLC,-0.626766
1727,VE-822,CHAGOK1,4.05216,NSCLC,0.513822
1728,VE-822,NCIH2172,3.681607,NSCLC,0.307026
1729,VE-822,LU135,2.720214,SCLC,-0.229503
1730,Veliparib,HCC827,5.734381,LUAD,0.515299
1731,Veliparib,PC14,5.67315,LUAD,0.448224
1732,Veliparib,RERFLCSQ1,5.026252,LUSC,-0.260415
1733,Veliparib,NCIH2228,5.815467,LUAD,0.604125
1734,Veliparib,NCIH2170,5.104039,LUSC,-0.175204
1735,Veliparib,NCIH146,5.168542,SCLC,-0.104545
1736,Veliparib,NCIH1299,5.453622,LCLC,0.207744
1737,Veliparib,LCLC103H,5.580023,LCLC,0.346209
1738,Veliparib,NCIH1963,5.12097,SCLC,-0.156657
1739,Veliparib,NCIH526,4.296579,SCLC,-1.05973
1740,Veliparib,CHAGOK1,5.581928,NSCLC,0.348296
1741,Veliparib,NCIH2172,5.266234,NSCLC,0.002471
1742,Veliparib,LU135,4.922742,SCLC,-0.373804
1743,Venetoclax,HCC827,3.497821,LUAD,0.54139
1744,Venetoclax,PC14,3.105272,LUAD,0.352228
1745,Venetoclax,RERFLCSQ1,2.794315,LUSC,0.202384
1746,Venetoclax,NCIH2228,3.294028,LUAD,0.443186
1747,Venetoclax,NCIH2170,3.135687,LUSC,0.366885
1748,Venetoclax,NCIH146,2.782817,SCLC,0.196844
1749,Venetoclax,NCIH1299,3.319318,LCLC,0.455373
1750,Venetoclax,LCLC103H,3.191614,LCLC,0.393835
1751,Venetoclax,NCIH1963,1.581356,SCLC,-0.382116
1752,Venetoclax,NCIH526,-1.87371,SCLC,-2.047044
1753,Venetoclax,CHAGOK1,2.800579,NSCLC,0.205403
1754,Venetoclax,NCIH2172,2.963032,NSCLC,0.283686
1755,Venetoclax,LU135,1.313845,SCLC,-0.511025
1756,Vismodegib,HCC827,5.575633,LUAD,0.637212
1757,Vismodegib,PC14,5.484967,LUAD,0.544884
1758,Vismodegib,RERFLCSQ1,4.848387,LUSC,-0.103361
1759,Vismodegib,NCIH2228,5.46777,LUAD,0.527372
1760,Vismodegib,NCIH2170,4.968596,LUSC,0.019051
1761,Vismodegib,NCIH146,4.980124,SCLC,0.03079
1762,Vismodegib,NCIH1299,5.257342,LCLC,0.313088
1763,Vismodegib,LCLC103H,5.023014,LCLC,0.074466
1764,Vismodegib,NCIH1963,5.101329,SCLC,0.154216
1765,Vismodegib,NCIH526,4.423303,SCLC,-0.536235
1766,Vismodegib,CHAGOK1,5.185606,NSCLC,0.240037
1767,Vismodegib,NCIH2172,4.770743,NSCLC,-0.182428
1768,Vismodegib,LU135,4.577641,SCLC,-0.379068
1769,Vorinostat,HCC827,2.62783,LUAD,1.045639
1770,Vorinostat,PC14,2.25903,LUAD,0.707459
1771,Vorinostat,RERFLCSQ1,1.636021,LUSC,0.136176
1772,Vorinostat,NCIH2228,2.136241,LUAD,0.594865
1773,Vorinostat,NCIH2170,1.503217,LUSC,0.014398
1774,Vorinostat,NCIH146,1.275632,SCLC,-0.194291
1775,Vorinostat,NCIH1299,1.909642,LCLC,0.387079
1776,Vorinostat,LCLC103H,1.952246,LCLC,0.426146
1777,Vorinostat,NCIH1963,1.155493,SCLC,-0.304455
1778,Vorinostat,NCIH526,0.604329,SCLC,-0.809858
1779,Vorinostat,CHAGOK1,2.067708,NSCLC,0.532022
1780,Vorinostat,NCIH2172,2.172542,NSCLC,0.628152
1781,Vorinostat,LU135,1.168901,SCLC,-0.292161
1782,WEHI-539,HCC827,4.328659,LUAD,0.37866
1783,WEHI-539,PC14,4.07413,LUAD,0.230423
1784,WEHI-539,RERFLCSQ1,4.056453,LUSC,0.220128
1785,WEHI-539,NCIH2228,4.649374,LUAD,0.565444
1786,WEHI-539,NCIH2170,4.736404,LUSC,0.61613
1787,WEHI-539,NCIH146,3.106889,SCLC,-0.332896
1788,WEHI-539,NCIH1299,4.470882,LCLC,0.46149
1789,WEHI-539,LCLC103H,4.159821,LCLC,0.280329
1790,WEHI-539,NCIH1963,3.606963,SCLC,-0.041654
1791,WEHI-539,NCIH526,1.849545,SCLC,-1.065171
1792,WEHI-539,CHAGOK1,4.163412,NSCLC,0.28242
1793,WEHI-539,NCIH2172,4.352142,NSCLC,0.392336
1794,WEHI-539,LU135,2.926906,SCLC,-0.437718
1795,WIKI4,HCC827,3.745811,LUAD,0.011882
1796,WIKI4,PC14,4.012195,LUAD,0.288894
1797,WIKI4,RERFLCSQ1,3.564968,LUSC,-0.176177
1798,WIKI4,NCIH2228,4.086129,LUAD,0.365778
1799,WIKI4,NCIH2170,4.038231,LUSC,0.315969
1800,WIKI4,NCIH146,3.657947,SCLC,-0.079488
1801,WIKI4,NCIH1299,3.934317,LCLC,0.207909
1802,WIKI4,LCLC103H,3.693047,LCLC,-0.042987
1803,WIKI4,NCIH1963,3.950123,SCLC,0.224346
1804,WIKI4,NCIH526,3.156094,SCLC,-0.601364
1805,WIKI4,CHAGOK1,3.8093,NSCLC,0.077904
1806,WIKI4,NCIH2172,3.86089,NSCLC,0.131552
1807,WIKI4,LU135,3.636856,SCLC,-0.10142
1808,WZ4003,HCC827,3.928654,LUAD,-0.166498
1809,WZ4003,PC14,4.586646,LUAD,0.311981
1810,WZ4003,RERFLCSQ1,3.901976,LUSC,-0.185898
1811,WZ4003,NCIH2228,4.688002,LUAD,0.385685
1812,WZ4003,NCIH2170,3.893013,LUSC,-0.192416
1813,WZ4003,NCIH146,4.718355,SCLC,0.407757
1814,WZ4003,NCIH1299,3.992517,LCLC,-0.120058
1815,WZ4003,LCLC103H,4.091008,LCLC,-0.048438
1816,WZ4003,NCIH1963,4.552401,SCLC,0.287079
1817,WZ4003,NCIH526,3.560715,SCLC,-0.434057
1818,WZ4003,CHAGOK1,4.396475,NSCLC,0.173692
1819,WZ4003,NCIH2172,3.965546,NSCLC,-0.139671
1820,WZ4003,LU135,4.558319,SCLC,0.291382
1821,Wnt-C59,HCC827,4.948004,LUAD,0.556831
1822,Wnt-C59,PC14,4.422963,LUAD,0.077519
1823,Wnt-C59,RERFLCSQ1,4.131206,LUSC,-0.188827
1824,Wnt-C59,NCIH2228,5.042647,LUAD,0.643231
1825,Wnt-C59,NCIH2170,4.199944,LUSC,-0.126076
1826,Wnt-C59,NCIH146,4.477257,SCLC,0.127085
1827,Wnt-C59,NCIH1299,4.439867,LCLC,0.092951
1828,Wnt-C59,LCLC103H,4.437394,LCLC,0.090693
1829,Wnt-C59,NCIH1963,4.533952,SCLC,0.178842
1830,Wnt-C59,NCIH526,3.707488,SCLC,-0.575641
1831,Wnt-C59,CHAGOK1,3.934663,NSCLC,-0.368252
1832,Wnt-C59,NCIH2172,3.751163,NSCLC,-0.53577
1833,Wnt-C59,LU135,4.024637,SCLC,-0.286114
1834,XAV939,HCC827,4.510709,LUAD,0.224235
1835,XAV939,PC14,4.792455,LUAD,0.508434
1836,XAV939,RERFLCSQ1,4.395066,LUSC,0.107585
1837,XAV939,NCIH2228,4.438282,LUAD,0.151177
1838,XAV939,NCIH2170,4.162808,LUSC,-0.126696
1839,XAV939,NCIH146,3.9546,SCLC,-0.336717
1840,XAV939,NCIH1299,4.480109,LCLC,0.193368
1841,XAV939,LCLC103H,4.493925,LCLC,0.207304
1842,XAV939,NCIH1963,4.343196,SCLC,0.055263
1843,XAV939,NCIH526,3.98045,SCLC,-0.310641
1844,XAV939,CHAGOK1,4.512863,NSCLC,0.226407
1845,XAV939,NCIH2172,4.192584,NSCLC,-0.09666
1846,XAV939,LU135,4.322454,SCLC,0.03434
1847,YK-4-279,HCC827,3.726754,LUAD,0.895856
1848,YK-4-279,PC14,2.862487,LUAD,0.37254
1849,YK-4-279,RERFLCSQ1,1.817331,LUSC,-0.260306
1850,YK-4-279,NCIH2228,2.675036,LUAD,0.259037
1851,YK-4-279,NCIH2170,1.688608,LUSC,-0.338248
1852,YK-4-279,NCIH146,2.167016,SCLC,-0.04857
1853,YK-4-279,NCIH1299,2.318719,LCLC,0.043286
1854,YK-4-279,LCLC103H,2.687367,LCLC,0.266504
1855,YK-4-279,NCIH1963,2.15545,SCLC,-0.055574
1856,YK-4-279,NCIH526,0.776962,SCLC,-0.890253
1857,YK-4-279,CHAGOK1,3.195555,NSCLC,0.574214
1858,YK-4-279,NCIH2172,2.714288,NSCLC,0.282805
1859,YK-4-279,LU135,1.555954,SCLC,-0.418571
1860,ZM447439,HCC827,3.105904,LUAD,0.310099
1861,ZM447439,PC14,3.060148,LUAD,0.283279
1862,ZM447439,RERFLCSQ1,2.27326,LUSC,-0.177966
1863,ZM447439,NCIH2228,3.497545,LUAD,0.539664
1864,ZM447439,NCIH2170,2.493104,LUSC,-0.049102
1865,ZM447439,NCIH146,1.569339,SCLC,-0.590579
1866,ZM447439,NCIH1299,2.930376,LCLC,0.207211
1867,ZM447439,LCLC103H,3.321036,LCLC,0.436201
1868,ZM447439,NCIH1963,1.361359,SCLC,-0.712489
1869,ZM447439,NCIH526,-0.232929,SCLC,-1.647001
1870,ZM447439,CHAGOK1,3.186764,NSCLC,0.357496
1871,ZM447439,NCIH2172,3.371628,NSCLC,0.465857
1872,ZM447439,LU135,0.593346,SCLC,-1.16267
